Unload Time: 0, Trucker: Jim 'Big Load' Foster, Company: Patriot Road Warriors, ID Num: C0, Price of Crate: 365, Scenario: A crate was unloaded, and the truck was sent off.
Unload Time: 0, Trucker: Ron 'Freeway Firebrand' Bennett, Company: Interstate Logistics, ID Num: C3, Price of Crate: 413, Scenario: A crate was unloaded, but the truck still has more crates to unload.
Unload Time: 0, Trucker: Alan 'Highway Heroic' Wilson, Company: Highway Haulers Co., ID Num: C4, Price of Crate: 50, Scenario: A crate was unloaded, but the truck still has more crates to unload.
Unload Time: 0, Trucker: Jason 'Diesel Dynamo' Moore, Company: Thunderstruck Transports, ID Num: C3, Price of Crate: 65, Scenario: A crate was unloaded, but the truck still has more crates to unload.
Unload Time: 0, Trucker: Joe 'Cargo Commander' Martin, Company: Eagle Transport Services, ID Num: C3, Price of Crate: 482, Scenario: A crate was unloaded, but the truck still has more crates to unload.
Unload Time: 0, Trucker: Lisa 'Road Rebel' Turner, Company: Patriot Road Warriors, ID Num: C3, Price of Crate: 318, Scenario: A crate was unloaded, but the truck still has more crates to unload.
Unload Time: 0, Trucker: Jessica 'Hauling Hero' Clark, Company: Big Sky Express, ID Num: C4, Price of Crate: 482, Scenario: A crate was unloaded, but the truck still has more crates to unload.
Unload Time: 0, Trucker: James 'Highway Hawk' Johnson, Company: American Freightways, ID Num: C0, Price of Crate: 351, Scenario: A crate was unloaded, and the truck was sent off.
Unload Time: 0, Trucker: Lauren 'Cargo Queen' Turner, Company: Swift Roadways Ltd., ID Num: C0, Price of Crate: 466, Scenario: A crate was unloaded, and the truck was sent off.
Unload Time: 0, Trucker: Alex 'Cargo Cruiser' Clark, Company: Blue Horizon Transports, ID Num: C1, Price of Crate: 192, Scenario: A crate was unloaded, but the truck still has more crates to unload.
Unload Time: 0, Trucker: Vanessa 'Rolling Thunder' Wright, Company: Yellow Ribbon Logistics, ID Num: C2, Price of Crate: 125, Scenario: A crate was unloaded, but the truck still has more crates to unload.
Unload Time: 0, Trucker: Brian 'Truckin' Titan' Morris, Company: Freedom Truck Lines, ID Num: C2, Price of Crate: 349, Scenario: A crate was unloaded, but the truck still has more crates to unload.
Unload Time: 10, Trucker: Ron 'Freeway Firebrand' Bennett, Company: Interstate Logistics, ID Num: C2, Price of Crate: 474, Scenario: A crate was unloaded, but the truck still has more crates to unload.
Unload Time: 10, Trucker: Alan 'Highway Heroic' Wilson, Company: Highway Haulers Co., ID Num: C3, Price of Crate: 68, Scenario: A crate was unloaded, but the truck still has more crates to unload.
Unload Time: 10, Trucker: Jason 'Diesel Dynamo' Moore, Company: Thunderstruck Transports, ID Num: C2, Price of Crate: 306, Scenario: A crate was unloaded, but the truck still has more crates to unload.
Unload Time: 10, Trucker: Joe 'Cargo Commander' Martin, Company: Eagle Transport Services, ID Num: C2, Price of Crate: 332, Scenario: A crate was unloaded, but the truck still has more crates to unload.
Unload Time: 10, Trucker: Lisa 'Road Rebel' Turner, Company: Patriot Road Warriors, ID Num: C2, Price of Crate: 165, Scenario: A crate was unloaded, but the truck still has more crates to unload.
Unload Time: 10, Trucker: Jessica 'Hauling Hero' Clark, Company: Big Sky Express, ID Num: C3, Price of Crate: 301, Scenario: A crate was unloaded, but the truck still has more crates to unload.
Unload Time: 10, Trucker: Alex 'Cargo Cruiser' Clark, Company: Blue Horizon Transports, ID Num: C0, Price of Crate: 290, Scenario: A crate was unloaded, and the truck was sent off.
Unload Time: 10, Trucker: Vanessa 'Rolling Thunder' Wright, Company: Yellow Ribbon Logistics, ID Num: C1, Price of Crate: 140, Scenario: A crate was unloaded, but the truck still has more crates to unload.
Unload Time: 10, Trucker: Brian 'Truckin' Titan' Morris, Company: Freedom Truck Lines, ID Num: C1, Price of Crate: 184, Scenario: A crate was unloaded, but the truck still has more crates to unload.
Unload Time: 20, Trucker: Peter 'Trucker Trailmaster' Wright, Company: Green Line Express, ID Num: C2, Price of Crate: 415, Scenario: A crate was unloaded, but the truck still has more crates to unload.
Unload Time: 20, Trucker: Ron 'Freeway Firebrand' Bennett, Company: Interstate Logistics, ID Num: C1, Price of Crate: 144, Scenario: A crate was unloaded, but the truck still has more crates to unload.
Unload Time: 20, Trucker: Alan 'Highway Heroic' Wilson, Company: Highway Haulers Co., ID Num: C2, Price of Crate: 420, Scenario: A crate was unloaded, but the truck still has more crates to unload.
Unload Time: 20, Trucker: Jason 'Diesel Dynamo' Moore, Company: Thunderstruck Transports, ID Num: C1, Price of Crate: 354, Scenario: A crate was unloaded, but the truck still has more crates to unload.
Unload Time: 20, Trucker: Joe 'Cargo Commander' Martin, Company: Eagle Transport Services, ID Num: C1, Price of Crate: 150, Scenario: A crate was unloaded, but the truck still has more crates to unload.
Unload Time: 20, Trucker: Lisa 'Road Rebel' Turner, Company: Patriot Road Warriors, ID Num: C1, Price of Crate: 381, Scenario: A crate was unloaded, but the truck still has more crates to unload.
Unload Time: 20, Trucker: Jessica 'Hauling Hero' Clark, Company: Big Sky Express, ID Num: C2, Price of Crate: 462, Scenario: A crate was unloaded, but the truck still has more crates to unload.
Unload Time: 20, Trucker: Vanessa 'Rolling Thunder' Wright, Company: Yellow Ribbon Logistics, ID Num: C0, Price of Crate: 242, Scenario: A crate was unloaded, and the truck was sent off.
Unload Time: 20, Trucker: Brian 'Truckin' Titan' Morris, Company: Freedom Truck Lines, ID Num: C0, Price of Crate: 239, Scenario: A crate was unloaded, and the truck was sent off.
Unload Time: 30, Trucker: Peter 'Trucker Trailmaster' Wright, Company: Green Line Express, ID Num: C1, Price of Crate: 389, Scenario: A crate was unloaded, but the truck still has more crates to unload.
Unload Time: 30, Trucker: Ron 'Freeway Firebrand' Bennett, Company: Interstate Logistics, ID Num: C0, Price of Crate: 109, Scenario: A crate was unloaded, and the truck was sent off.
Unload Time: 30, Trucker: Alan 'Highway Heroic' Wilson, Company: Highway Haulers Co., ID Num: C1, Price of Crate: 233, Scenario: A crate was unloaded, but the truck still has more crates to unload.
Unload Time: 30, Trucker: Jason 'Diesel Dynamo' Moore, Company: Thunderstruck Transports, ID Num: C0, Price of Crate: 300, Scenario: A crate was unloaded, and the truck was sent off.
Unload Time: 30, Trucker: Joe 'Cargo Commander' Martin, Company: Eagle Transport Services, ID Num: C0, Price of Crate: 246, Scenario: A crate was unloaded, and the truck was sent off.
Unload Time: 30, Trucker: Lisa 'Road Rebel' Turner, Company: Patriot Road Warriors, ID Num: C0, Price of Crate: 456, Scenario: A crate was unloaded, and the truck was sent off.
Unload Time: 30, Trucker: Jessica 'Hauling Hero' Clark, Company: Big Sky Express, ID Num: C1, Price of Crate: 335, Scenario: A crate was unloaded, but the truck still has more crates to unload.
Unload Time: 30, Trucker: Steve 'Mud Flap' Garcia, Company: Blue Horizon Transports, ID Num: C3, Price of Crate: 425, Scenario: A crate was unloaded, but the truck still has more crates to unload.
Unload Time: 30, Trucker: Sarah 'Highway Queen' Rodriguez, Company: Pioneer Trucking Solutions, ID Num: C2, Price of Crate: 421, Scenario: A crate was unloaded, but the truck still has more crates to unload.
Unload Time: 30, Trucker: Gary 'Cargo Crusader' Lewis, Company: Swift Roadways Ltd., ID Num: C4, Price of Crate: 87, Scenario: A crate was unloaded, but the truck still has more crates to unload.
Unload Time: 40, Trucker: Peter 'Trucker Trailmaster' Wright, Company: Green Line Express, ID Num: C0, Price of Crate: 479, Scenario: A crate was unloaded, and the truck was sent off.
Unload Time: 40, Trucker: Alan 'Highway Heroic' Wilson, Company: Highway Haulers Co., ID Num: C0, Price of Crate: 420, Scenario: A crate was unloaded, and the truck was sent off.
Unload Time: 40, Trucker: Jessica 'Hauling Hero' Clark, Company: Big Sky Express, ID Num: C0, Price of Crate: 158, Scenario: A crate was unloaded, and the truck was sent off.
Unload Time: 40, Trucker: Steve 'Mud Flap' Garcia, Company: Blue Horizon Transports, ID Num: C2, Price of Crate: 200, Scenario: A crate was unloaded, but the truck still has more crates to unload.
Unload Time: 40, Trucker: Sarah 'Highway Queen' Rodriguez, Company: Pioneer Trucking Solutions, ID Num: C1, Price of Crate: 242, Scenario: A crate was unloaded, but the truck still has more crates to unload.
Unload Time: 40, Trucker: Gary 'Cargo Crusader' Lewis, Company: Swift Roadways Ltd., ID Num: C3, Price of Crate: 247, Scenario: A crate was unloaded, but the truck still has more crates to unload.
Unload Time: 40, Trucker: Erin 'Diesel Duchess' Jackson, Company: Sunrise Hauling Co., ID Num: C0, Price of Crate: 316, Scenario: A crate was unloaded, and the truck was sent off.
Unload Time: 40, Trucker: Jenny 'Road Racer' Adams, Company: Yellow Ribbon Logistics, ID Num: C2, Price of Crate: 328, Scenario: A crate was unloaded, but the truck still has more crates to unload.
Unload Time: 50, Trucker: Paul 'Transport Titan' Turner, Company: Windy City Carriers, ID Num: C2, Price of Crate: 137, Scenario: A crate was unloaded, but the truck still has more crates to unload.
Unload Time: 50, Trucker: Jenny 'Road Racer' Adams, Company: Highway Haulers Co., ID Num: C2, Price of Crate: 227, Scenario: A crate was unloaded, but the truck still has more crates to unload.
Unload Time: 50, Trucker: Heather '18-Wheeler' Reed, Company: Interstate Logistics, ID Num: C0, Price of Crate: 318, Scenario: A crate was unloaded, and the truck was sent off.
Unload Time: 50, Trucker: Joe 'Cargo Commander' Martin, Company: Golden Wheel Carriers, ID Num: C3, Price of Crate: 158, Scenario: A crate was unloaded, but the truck still has more crates to unload.
Unload Time: 50, Trucker: Steve 'Mud Flap' Garcia, Company: Blue Horizon Transports, ID Num: C1, Price of Crate: 152, Scenario: A crate was unloaded, but the truck still has more crates to unload.
Unload Time: 50, Trucker: Sarah 'Highway Queen' Rodriguez, Company: Pioneer Trucking Solutions, ID Num: C0, Price of Crate: 434, Scenario: A crate was unloaded, and the truck was sent off.
Unload Time: 50, Trucker: Gary 'Cargo Crusader' Lewis, Company: Swift Roadways Ltd., ID Num: C2, Price of Crate: 141, Scenario: A crate was unloaded, but the truck still has more crates to unload.
Unload Time: 50, Trucker: Jenny 'Road Racer' Adams, Company: Yellow Ribbon Logistics, ID Num: C1, Price of Crate: 311, Scenario: A crate was unloaded, but the truck still has more crates to unload.
Unload Time: 60, Trucker: Todd 'Truckin' Troubadour' Taylor, Company: Eagle Transport Services, ID Num: C4, Price of Crate: 79, Scenario: A crate was unloaded, but the truck still has more crates to unload.
Unload Time: 60, Trucker: Paul 'Transport Titan' Turner, Company: Windy City Carriers, ID Num: C1, Price of Crate: 115, Scenario: A crate was unloaded, but the truck still has more crates to unload.
Unload Time: 60, Trucker: Jenny 'Road Racer' Adams, Company: Highway Haulers Co., ID Num: C1, Price of Crate: 394, Scenario: A crate was unloaded, but the truck still has more crates to unload.
Unload Time: 60, Trucker: Joe 'Cargo Commander' Martin, Company: Golden Wheel Carriers, ID Num: C2, Price of Crate: 292, Scenario: A crate was unloaded, but the truck still has more crates to unload.
Unload Time: 60, Trucker: Steve 'Mud Flap' Garcia, Company: Blue Horizon Transports, ID Num: C0, Price of Crate: 59, Scenario: A crate was unloaded, and the truck was sent off.
Unload Time: 60, Trucker: Gary 'Cargo Crusader' Lewis, Company: Swift Roadways Ltd., ID Num: C1, Price of Crate: 448, Scenario: A crate was unloaded, but the truck still has more crates to unload.
Unload Time: 60, Trucker: Jenny 'Road Racer' Adams, Company: Yellow Ribbon Logistics, ID Num: C0, Price of Crate: 335, Scenario: A crate was unloaded, and the truck was sent off.
Unload Time: 70, Trucker: Todd 'Truckin' Troubadour' Taylor, Company: Eagle Transport Services, ID Num: C3, Price of Crate: 433, Scenario: A crate was unloaded, but the truck still has more crates to unload.
Unload Time: 70, Trucker: Paul 'Transport Titan' Turner, Company: Windy City Carriers, ID Num: C0, Price of Crate: 53, Scenario: A crate was unloaded, and the truck was sent off.
Unload Time: 70, Trucker: Erin 'Speedy Delivery' Thompson, Company: Yellow Ribbon Logistics, ID Num: C3, Price of Crate: 329, Scenario: A crate was unloaded, but the truck still has more crates to unload.
Unload Time: 70, Trucker: Jenny 'Road Racer' Adams, Company: Highway Haulers Co., ID Num: C0, Price of Crate: 166, Scenario: A crate was unloaded, and the truck was sent off.
Unload Time: 70, Trucker: Stacy 'Lone Wolf' Evans, Company: Redwood Trucking Group, ID Num: C3, Price of Crate: 336, Scenario: A crate was unloaded, but the truck still has more crates to unload.
Unload Time: 70, Trucker: Joe 'Cargo Commander' Martin, Company: Golden Wheel Carriers, ID Num: C1, Price of Crate: 150, Scenario: A crate was unloaded, but the truck still has more crates to unload.
Unload Time: 70, Trucker: Angela 'Road Rebel' Adams, Company: Yellow Ribbon Logistics, ID Num: C1, Price of Crate: 65, Scenario: A crate was unloaded, but the truck still has more crates to unload.
Unload Time: 70, Trucker: Angela 'Mud Flap Maven' Thomas, Company: Cargo Masters Inc., ID Num: C2, Price of Crate: 407, Scenario: A crate was unloaded, but the truck still has more crates to unload.
Unload Time: 70, Trucker: Gary 'Cargo Crusader' Lewis, Company: Swift Roadways Ltd., ID Num: C0, Price of Crate: 270, Scenario: A crate was unloaded, and the truck was sent off.
Unload Time: 70, Trucker: Kelly 'Highway Hawk' Hernandez, Company: Redwood Trucking Group, ID Num: C0, Price of Crate: 352, Scenario: A crate was unloaded, and the truck was sent off.
Unload Time: 80, Trucker: Todd 'Truckin' Troubadour' Taylor, Company: Eagle Transport Services, ID Num: C2, Price of Crate: 471, Scenario: A crate was unloaded, but the truck still has more crates to unload.
Unload Time: 80, Trucker: Erin 'Speedy Delivery' Thompson, Company: Yellow Ribbon Logistics, ID Num: C2, Price of Crate: 147, Scenario: A crate was unloaded, but the truck still has more crates to unload.
Unload Time: 80, Trucker: Stacy 'Lone Wolf' Evans, Company: Redwood Trucking Group, ID Num: C2, Price of Crate: 264, Scenario: A crate was unloaded, but the truck still has more crates to unload.
Unload Time: 80, Trucker: Joe 'Cargo Commander' Martin, Company: Golden Wheel Carriers, ID Num: C0, Price of Crate: 256, Scenario: A crate was unloaded, and the truck was sent off.
Unload Time: 80, Trucker: Angela 'Road Rebel' Adams, Company: Yellow Ribbon Logistics, ID Num: C0, Price of Crate: 144, Scenario: A crate was unloaded, and the truck was sent off.
Unload Time: 80, Trucker: Kim 'Midnight Marauder' Parker, Company: Highway Haulers Co., ID Num: C2, Price of Crate: 187, Scenario: A crate was unloaded, but the truck still has more crates to unload.
Unload Time: 80, Trucker: Angela 'Mud Flap Maven' Thomas, Company: Cargo Masters Inc., ID Num: C1, Price of Crate: 212, Scenario: A crate was unloaded, but the truck still has more crates to unload.
Unload Time: 80, Trucker: John 'Diesel Dynamo' Bennett, Company: Blue Horizon Transports, ID Num: C4, Price of Crate: 142, Scenario: A crate was unloaded, but the truck still has more crates to unload.
Unload Time: 90, Trucker: Todd 'Truckin' Troubadour' Taylor, Company: Eagle Transport Services, ID Num: C1, Price of Crate: 291, Scenario: A crate was unloaded, but the truck still has more crates to unload.
Unload Time: 90, Trucker: Donna 'High Gear' Garcia, Company: Pioneer Trucking Solutions, ID Num: C4, Price of Crate: 409, Scenario: A crate was unloaded, but the truck still has more crates to unload.
Unload Time: 90, Trucker: Erin 'Speedy Delivery' Thompson, Company: Yellow Ribbon Logistics, ID Num: C1, Price of Crate: 290, Scenario: A crate was unloaded, but the truck still has more crates to unload.
Unload Time: 90, Trucker: Linda 'Interstate Star' Moore, Company: Starlight Freight Services, ID Num: C3, Price of Crate: 275, Scenario: A crate was unloaded, but the truck still has more crates to unload.
Unload Time: 90, Trucker: Stacy 'Lone Wolf' Evans, Company: Redwood Trucking Group, ID Num: C1, Price of Crate: 445, Scenario: A crate was unloaded, but the truck still has more crates to unload.
Unload Time: 90, Trucker: Kim 'Midnight Marauder' Parker, Company: Highway Haulers Co., ID Num: C1, Price of Crate: 91, Scenario: A crate was unloaded, but the truck still has more crates to unload.
Unload Time: 90, Trucker: Angela 'Mud Flap Maven' Thomas, Company: Cargo Masters Inc., ID Num: C0, Price of Crate: 283, Scenario: A crate was unloaded, and the truck was sent off.
Unload Time: 90, Trucker: Ron 'Freeway Firebrand' Bennett, Company: Trucker's Choice Transport, ID Num: C4, Price of Crate: 419, Scenario: A crate was unloaded, but the truck still has more crates to unload.
Unload Time: 90, Trucker: John 'Diesel Dynamo' Bennett, Company: Blue Horizon Transports, ID Num: C3, Price of Crate: 464, Scenario: A crate was unloaded, but the truck still has more crates to unload.
Unload Time: 100, Trucker: Todd 'Truckin' Troubadour' Taylor, Company: Eagle Transport Services, ID Num: C0, Price of Crate: 124, Scenario: A crate was unloaded, and the truck was sent off.
Unload Time: 100, Trucker: Donna 'High Gear' Garcia, Company: Pioneer Trucking Solutions, ID Num: C3, Price of Crate: 311, Scenario: A crate was unloaded, but the truck still has more crates to unload.
Unload Time: 100, Trucker: Erin 'Speedy Delivery' Thompson, Company: Yellow Ribbon Logistics, ID Num: C0, Price of Crate: 245, Scenario: A crate was unloaded, and the truck was sent off.
Unload Time: 100, Trucker: Linda 'Interstate Star' Moore, Company: Starlight Freight Services, ID Num: C2, Price of Crate: 460, Scenario: A crate was unloaded, but the truck still has more crates to unload.
Unload Time: 100, Trucker: Stacy 'Lone Wolf' Evans, Company: Redwood Trucking Group, ID Num: C0, Price of Crate: 438, Scenario: A crate was unloaded, and the truck was sent off.
Unload Time: 100, Trucker: Amanda 'Steel Thunder' Robinson, Company: Silver Arrow Shipping, ID Num: C1, Price of Crate: 98, Scenario: A crate was unloaded, but the truck still has more crates to unload.
Unload Time: 100, Trucker: Stacy 'Lone Wolf' Evans, Company: Green Line Express, ID Num: C1, Price of Crate: 136, Scenario: A crate was unloaded, but the truck still has more crates to unload.
Unload Time: 100, Trucker: Kim 'Midnight Marauder' Parker, Company: Highway Haulers Co., ID Num: C0, Price of Crate: 97, Scenario: A crate was unloaded, and the truck was sent off.
Unload Time: 100, Trucker: Ron 'Freeway Firebrand' Bennett, Company: Trucker's Choice Transport, ID Num: C3, Price of Crate: 475, Scenario: A crate was unloaded, but the truck still has more crates to unload.
Unload Time: 100, Trucker: Karen 'Lone Wolf' Carter, Company: Big Sky Express, ID Num: C2, Price of Crate: 297, Scenario: A crate was unloaded, but the truck still has more crates to unload.
Unload Time: 100, Trucker: John 'Diesel Dynamo' Bennett, Company: Blue Horizon Transports, ID Num: C2, Price of Crate: 287, Scenario: A crate was unloaded, but the truck still has more crates to unload.
Unload Time: 110, Trucker: Donna 'High Gear' Garcia, Company: Pioneer Trucking Solutions, ID Num: C2, Price of Crate: 324, Scenario: A crate was unloaded, but the truck still has more crates to unload.
Unload Time: 110, Trucker: Linda 'Interstate Star' Moore, Company: Starlight Freight Services, ID Num: C1, Price of Crate: 231, Scenario: A crate was unloaded, but the truck still has more crates to unload.
Unload Time: 110, Trucker: Amanda 'Steel Thunder' Robinson, Company: Silver Arrow Shipping, ID Num: C0, Price of Crate: 305, Scenario: A crate was unloaded, and the truck was sent off.
Unload Time: 110, Trucker: Stacy 'Lone Wolf' Evans, Company: Green Line Express, ID Num: C0, Price of Crate: 485, Scenario: A crate was unloaded, and the truck was sent off.
Unload Time: 110, Trucker: Alex 'Cargo Cruiser' Clark, Company: Big Sky Express, ID Num: C4, Price of Crate: 72, Scenario: A crate was unloaded, but the truck still has more crates to unload.
Unload Time: 110, Trucker: Ron 'Freeway Firebrand' Bennett, Company: Trucker's Choice Transport, ID Num: C2, Price of Crate: 392, Scenario: A crate was unloaded, but the truck still has more crates to unload.
Unload Time: 110, Trucker: Karen 'Lone Wolf' Carter, Company: Big Sky Express, ID Num: C1, Price of Crate: 404, Scenario: A crate was unloaded, but the truck still has more crates to unload.
Unload Time: 110, Trucker: John 'Diesel Dynamo' Bennett, Company: Blue Horizon Transports, ID Num: C1, Price of Crate: 253, Scenario: A crate was unloaded, but the truck still has more crates to unload.
Unload Time: 120, Trucker: Joe 'Cargo Commander' Martin, Company: Rocky Mountain Carriers, ID Num: C2, Price of Crate: 187, Scenario: A crate was unloaded, but the truck still has more crates to unload.
Unload Time: 120, Trucker: Donna 'High Gear' Garcia, Company: Pioneer Trucking Solutions, ID Num: C1, Price of Crate: 77, Scenario: A crate was unloaded, but the truck still has more crates to unload.
Unload Time: 120, Trucker: Lisa 'Freight Fiend' Foster, Company: Silver Arrow Shipping, ID Num: C2, Price of Crate: 343, Scenario: A crate was unloaded, but the truck still has more crates to unload.
Unload Time: 120, Trucker: Linda 'Interstate Star' Moore, Company: Starlight Freight Services, ID Num: C0, Price of Crate: 287, Scenario: A crate was unloaded, and the truck was sent off.
Unload Time: 120, Trucker: Heather '18-Wheeler' Reed, Company: Silver Arrow Shipping, ID Num: C0, Price of Crate: 66, Scenario: A crate was unloaded, and the truck was sent off.
Unload Time: 120, Trucker: Brian 'Mile Marker Maverick' Fisher, Company: Interstate Logistics, ID Num: C4, Price of Crate: 450, Scenario: A crate was unloaded, but the truck still has more crates to unload.
Unload Time: 120, Trucker: Alex 'Cargo Cruiser' Clark, Company: Big Sky Express, ID Num: C3, Price of Crate: 277, Scenario: A crate was unloaded, but the truck still has more crates to unload.
Unload Time: 120, Trucker: Ron 'Freeway Firebrand' Bennett, Company: Trucker's Choice Transport, ID Num: C1, Price of Crate: 150, Scenario: A crate was unloaded, but the truck still has more crates to unload.
Unload Time: 120, Trucker: Karen 'Lone Wolf' Carter, Company: Big Sky Express, ID Num: C0, Price of Crate: 371, Scenario: A crate was unloaded, and the truck was sent off.
Unload Time: 120, Trucker: John 'Diesel Dynamo' Bennett, Company: Blue Horizon Transports, ID Num: C0, Price of Crate: 328, Scenario: A crate was unloaded, and the truck was sent off.
Unload Time: 130, Trucker: Joe 'Cargo Commander' Martin, Company: Rocky Mountain Carriers, ID Num: C1, Price of Crate: 371, Scenario: A crate was unloaded, but the truck still has more crates to unload.
Unload Time: 130, Trucker: Donna 'High Gear' Garcia, Company: Pioneer Trucking Solutions, ID Num: C0, Price of Crate: 296, Scenario: A crate was unloaded, and the truck was sent off.
Unload Time: 130, Trucker: Lisa 'Freight Fiend' Foster, Company: Silver Arrow Shipping, ID Num: C1, Price of Crate: 225, Scenario: A crate was unloaded, but the truck still has more crates to unload.
Unload Time: 130, Trucker: Michael 'Road Rescuer' Murphy, Company: Highway Haulers Co., ID Num: C1, Price of Crate: 225, Scenario: A crate was unloaded, but the truck still has more crates to unload.
Unload Time: 130, Trucker: Brad 'Highway Harmony' Lewis, Company: Rocky Mountain Carriers, ID Num: C3, Price of Crate: 194, Scenario: A crate was unloaded, but the truck still has more crates to unload.
Unload Time: 130, Trucker: Brian 'Mile Marker Maverick' Fisher, Company: Interstate Logistics, ID Num: C3, Price of Crate: 461, Scenario: A crate was unloaded, but the truck still has more crates to unload.
Unload Time: 130, Trucker: Alex 'Cargo Cruiser' Clark, Company: Big Sky Express, ID Num: C2, Price of Crate: 389, Scenario: A crate was unloaded, but the truck still has more crates to unload.
Unload Time: 130, Trucker: Ron 'Freeway Firebrand' Bennett, Company: Trucker's Choice Transport, ID Num: C0, Price of Crate: 293, Scenario: A crate was unloaded, and the truck was sent off.
Unload Time: 140, Trucker: Joe 'Cargo Commander' Martin, Company: Rocky Mountain Carriers, ID Num: C0, Price of Crate: 118, Scenario: A crate was unloaded, and the truck was sent off.
Unload Time: 140, Trucker: Lisa 'Freight Fiend' Foster, Company: Silver Arrow Shipping, ID Num: C0, Price of Crate: 403, Scenario: A crate was unloaded, and the truck was sent off.
Unload Time: 140, Trucker: Jessica 'The Truckin' Trooper' Lewis, Company: Big Sky Express, ID Num: C2, Price of Crate: 500, Scenario: A crate was unloaded, but the truck still has more crates to unload.
Unload Time: 140, Trucker: Karen 'Lone Wolf' Carter, Company: Cargo Masters Inc., ID Num: C2, Price of Crate: 465, Scenario: A crate was unloaded, but the truck still has more crates to unload.
Unload Time: 140, Trucker: Michael 'Road Rescuer' Murphy, Company: Highway Haulers Co., ID Num: C0, Price of Crate: 60, Scenario: A crate was unloaded, and the truck was sent off.
Unload Time: 140, Trucker: Brad 'Highway Harmony' Lewis, Company: Rocky Mountain Carriers, ID Num: C2, Price of Crate: 50, Scenario: A crate was unloaded, but the truck still has more crates to unload.
Unload Time: 140, Trucker: Brian 'Mile Marker Maverick' Fisher, Company: Interstate Logistics, ID Num: C2, Price of Crate: 442, Scenario: A crate was unloaded, but the truck still has more crates to unload.
Unload Time: 140, Trucker: Alex 'Cargo Cruiser' Clark, Company: Big Sky Express, ID Num: C1, Price of Crate: 259, Scenario: A crate was unloaded, but the truck still has more crates to unload.
Unload Time: 150, Trucker: Amanda 'Steel Thunder' Robinson, Company: High Gear Transport, ID Num: C1, Price of Crate: 268, Scenario: A crate was unloaded, but the truck still has more crates to unload.
Unload Time: 150, Trucker: Jessica 'The Truckin' Trooper' Lewis, Company: Big Sky Express, ID Num: C1, Price of Crate: 184, Scenario: A crate was unloaded, but the truck still has more crates to unload.
Unload Time: 150, Trucker: Karen 'Lone Wolf' Carter, Company: Cargo Masters Inc., ID Num: C1, Price of Crate: 286, Scenario: A crate was unloaded, but the truck still has more crates to unload.
Unload Time: 150, Trucker: Brad 'Highway Harmony' Lewis, Company: Rocky Mountain Carriers, ID Num: C1, Price of Crate: 221, Scenario: A crate was unloaded, but the truck still has more crates to unload.
Unload Time: 150, Trucker: Brian 'Mile Marker Maverick' Fisher, Company: Interstate Logistics, ID Num: C1, Price of Crate: 125, Scenario: A crate was unloaded, but the truck still has more crates to unload.
Unload Time: 150, Trucker: Alex 'Cargo Cruiser' Clark, Company: Big Sky Express, ID Num: C0, Price of Crate: 361, Scenario: A crate was unloaded, and the truck was sent off.
Unload Time: 150, Trucker: Scott 'Miles Away' Hill, Company: Swift Roadways Ltd., ID Num: C3, Price of Crate: 218, Scenario: A crate was unloaded, but the truck still has more crates to unload.
Unload Time: 150, Trucker: Sandy 'Trucker Trailblazer' Price, Company: Green Line Express, ID Num: C2, Price of Crate: 220, Scenario: A crate was unloaded, but the truck still has more crates to unload.
Unload Time: 150, Trucker: Michelle 'Storm Chaser' Cooper, Company: Interstate Logistics, ID Num: C0, Price of Crate: 119, Scenario: A crate was unloaded, and the truck was sent off.
Unload Time: 160, Trucker: Frank 'Trucker Tornado' Davis, Company: Freedom Truck Lines, ID Num: C1, Price of Crate: 325, Scenario: A crate was unloaded, but the truck still has more crates to unload.
Unload Time: 160, Trucker: Amanda 'Steel Thunder' Robinson, Company: High Gear Transport, ID Num: C0, Price of Crate: 177, Scenario: A crate was unloaded, and the truck was sent off.
Unload Time: 160, Trucker: Jessica 'The Truckin' Trooper' Lewis, Company: Big Sky Express, ID Num: C0, Price of Crate: 236, Scenario: A crate was unloaded, and the truck was sent off.
Unload Time: 160, Trucker: Karen 'Lone Wolf' Carter, Company: Cargo Masters Inc., ID Num: C0, Price of Crate: 57, Scenario: A crate was unloaded, and the truck was sent off.
Unload Time: 160, Trucker: Brad 'Highway Harmony' Lewis, Company: Rocky Mountain Carriers, ID Num: C0, Price of Crate: 385, Scenario: A crate was unloaded, and the truck was sent off.
Unload Time: 160, Trucker: Brian 'Mile Marker Maverick' Fisher, Company: Interstate Logistics, ID Num: C0, Price of Crate: 304, Scenario: A crate was unloaded, and the truck was sent off.
Unload Time: 160, Trucker: Scott 'Miles Away' Hill, Company: Swift Roadways Ltd., ID Num: C2, Price of Crate: 184, Scenario: A crate was unloaded, but the truck still has more crates to unload.
Unload Time: 160, Trucker: Sandy 'Trucker Trailblazer' Price, Company: Green Line Express, ID Num: C1, Price of Crate: 285, Scenario: A crate was unloaded, but the truck still has more crates to unload.
Unload Time: 170, Trucker: Frank 'Trucker Tornado' Davis, Company: Freedom Truck Lines, ID Num: C0, Price of Crate: 193, Scenario: A crate was unloaded, and the truck was sent off.
Unload Time: 170, Trucker: Shane 'Rig Rider' Price, Company: American Freightways, ID Num: C2, Price of Crate: 139, Scenario: A crate was unloaded, but the truck still has more crates to unload.
Unload Time: 170, Trucker: Mark 'Gritty Gearshift' Mitchell, Company: Sunrise Hauling Co., ID Num: C4, Price of Crate: 194, Scenario: A crate was unloaded, but the truck still has more crates to unload.
Unload Time: 170, Trucker: Kevin 'Freight Force' Campbell, Company: Rocky Mountain Carriers, ID Num: C1, Price of Crate: 359, Scenario: A crate was unloaded, but the truck still has more crates to unload.
Unload Time: 170, Trucker: Scott 'Miles Away' Hill, Company: Swift Roadways Ltd., ID Num: C1, Price of Crate: 295, Scenario: A crate was unloaded, but the truck still has more crates to unload.
Unload Time: 170, Trucker: Sandy 'Trucker Trailblazer' Price, Company: Green Line Express, ID Num: C0, Price of Crate: 478, Scenario: A crate was unloaded, and the truck was sent off.
Unload Time: 170, Trucker: Amanda 'Steel Thunder' Robinson, Company: Interstate Logistics, ID Num: C4, Price of Crate: 227, Scenario: A crate was unloaded, but the truck still has more crates to unload.
Unload Time: 180, Trucker: Gary 'Cargo Crusader' Lewis, Company: Highway Haulers Co., ID Num: C0, Price of Crate: 400, Scenario: A crate was unloaded, and the truck was sent off.
Unload Time: 180, Trucker: Shane 'Rig Rider' Price, Company: American Freightways, ID Num: C1, Price of Crate: 81, Scenario: A crate was unloaded, but the truck still has more crates to unload.
Unload Time: 180, Trucker: Carlos 'Cargo Commander' Foster, Company: Freedom Truck Lines, ID Num: C4, Price of Crate: 88, Scenario: A crate was unloaded, but the truck still has more crates to unload.
Unload Time: 180, Trucker: Mark 'Gritty Gearshift' Mitchell, Company: Sunrise Hauling Co., ID Num: C3, Price of Crate: 229, Scenario: A crate was unloaded, but the truck still has more crates to unload.
Unload Time: 180, Trucker: Kevin 'Freight Force' Campbell, Company: Rocky Mountain Carriers, ID Num: C0, Price of Crate: 269, Scenario: A crate was unloaded, and the truck was sent off.
Unload Time: 180, Trucker: Scott 'Miles Away' Hill, Company: Swift Roadways Ltd., ID Num: C0, Price of Crate: 91, Scenario: A crate was unloaded, and the truck was sent off.
Unload Time: 180, Trucker: Amanda 'Steel Thunder' Robinson, Company: Interstate Logistics, ID Num: C3, Price of Crate: 82, Scenario: A crate was unloaded, but the truck still has more crates to unload.
Unload Time: 190, Trucker: Andy 'Truckin' Tornado' Stewart, Company: Yellow Ribbon Logistics, ID Num: C0, Price of Crate: 434, Scenario: A crate was unloaded, and the truck was sent off.
Unload Time: 190, Trucker: Shane 'Rig Rider' Price, Company: American Freightways, ID Num: C0, Price of Crate: 432, Scenario: A crate was unloaded, and the truck was sent off.
Unload Time: 190, Trucker: Carlos 'Cargo Commander' Foster, Company: Freedom Truck Lines, ID Num: C3, Price of Crate: 68, Scenario: A crate was unloaded, but the truck still has more crates to unload.
Unload Time: 190, Trucker: Greg 'Gearshift Gladiator' Ross, Company: Blue Horizon Transports, ID Num: C1, Price of Crate: 500, Scenario: A crate was unloaded, but the truck still has more crates to unload.
Unload Time: 190, Trucker: Mark 'Gritty Gearshift' Mitchell, Company: Sunrise Hauling Co., ID Num: C2, Price of Crate: 494, Scenario: A crate was unloaded, but the truck still has more crates to unload.
Unload Time: 190, Trucker: Michelle 'Miles Away' Anderson, Company: Speedy Freight Express, ID Num: C0, Price of Crate: 155, Scenario: A crate was unloaded, and the truck was sent off.
Unload Time: 190, Trucker: Lisa 'Freight Fiend' Foster, Company: Rocky Mountain Carriers, ID Num: C1, Price of Crate: 396, Scenario: A crate was unloaded, but the truck still has more crates to unload.
Unload Time: 190, Trucker: Todd 'Truckin' Troubadour' Taylor, Company: Blue Horizon Transports, ID Num: C1, Price of Crate: 465, Scenario: A crate was unloaded, but the truck still has more crates to unload.
Unload Time: 190, Trucker: Amanda 'Steel Thunder' Robinson, Company: Interstate Logistics, ID Num: C2, Price of Crate: 177, Scenario: A crate was unloaded, but the truck still has more crates to unload.
Unload Time: 200, Trucker: Greg 'Gearshift Gladiator' Ross, Company: Blue Horizon Transports, ID Num: C0, Price of Crate: 182, Scenario: A crate was unloaded, and the truck was sent off.
Unload Time: 200, Trucker: Carlos 'Cargo Commander' Foster, Company: Freedom Truck Lines, ID Num: C2, Price of Crate: 338, Scenario: A crate was unloaded, but the truck still has more crates to unload.
Unload Time: 200, Trucker: Greg 'Gearshift Gladiator' Ross, Company: Blue Horizon Transports, ID Num: C0, Price of Crate: 133, Scenario: A crate was unloaded, and the truck was sent off.
Unload Time: 200, Trucker: Mark 'Gritty Gearshift' Mitchell, Company: Sunrise Hauling Co., ID Num: C1, Price of Crate: 478, Scenario: A crate was unloaded, but the truck still has more crates to unload.
Unload Time: 200, Trucker: Lisa 'Freight Fiend' Foster, Company: Rocky Mountain Carriers, ID Num: C0, Price of Crate: 336, Scenario: A crate was unloaded, and the truck was sent off.
Unload Time: 200, Trucker: Jim 'Big Load' Foster, Company: Starlight Freight Services, ID Num: C0, Price of Crate: 198, Scenario: A crate was unloaded, and the truck was sent off.
Unload Time: 200, Trucker: Jessica 'Breeze Rider' Martin, Company: Swift Roadways Ltd., ID Num: C1, Price of Crate: 263, Scenario: A crate was unloaded, but the truck still has more crates to unload.
Unload Time: 200, Trucker: Todd 'Truckin' Troubadour' Taylor, Company: Blue Horizon Transports, ID Num: C0, Price of Crate: 278, Scenario: A crate was unloaded, and the truck was sent off.
Unload Time: 200, Trucker: Amanda 'Steel Thunder' Robinson, Company: Interstate Logistics, ID Num: C1, Price of Crate: 278, Scenario: A crate was unloaded, but the truck still has more crates to unload.
Unload Time: 210, Trucker: James 'Highway Hawk' Johnson, Company: Blue Horizon Transports, ID Num: C4, Price of Crate: 77, Scenario: A crate was unloaded, but the truck still has more crates to unload.
Unload Time: 210, Trucker: Robert 'Drivin' Dreamer' Perry, Company: American Freightways, ID Num: C0, Price of Crate: 372, Scenario: A crate was unloaded, and the truck was sent off.
Unload Time: 210, Trucker: Carlos 'Cargo Commander' Foster, Company: Freedom Truck Lines, ID Num: C1, Price of Crate: 134, Scenario: A crate was unloaded, but the truck still has more crates to unload.
Unload Time: 210, Trucker: Mark 'Gritty Gearshift' Mitchell, Company: Sunrise Hauling Co., ID Num: C0, Price of Crate: 283, Scenario: A crate was unloaded, and the truck was sent off.
Unload Time: 210, Trucker: Nicole 'Rig Rider' Smith, Company: Patriot Road Warriors, ID Num: C2, Price of Crate: 217, Scenario: A crate was unloaded, but the truck still has more crates to unload.
Unload Time: 210, Trucker: Jessica 'Breeze Rider' Martin, Company: Swift Roadways Ltd., ID Num: C0, Price of Crate: 449, Scenario: A crate was unloaded, and the truck was sent off.
Unload Time: 210, Trucker: Amanda 'Steel Thunder' Robinson, Company: Interstate Logistics, ID Num: C0, Price of Crate: 157, Scenario: A crate was unloaded, and the truck was sent off.
Unload Time: 220, Trucker: James 'Highway Hawk' Johnson, Company: Blue Horizon Transports, ID Num: C3, Price of Crate: 243, Scenario: A crate was unloaded, but the truck still has more crates to unload.
Unload Time: 220, Trucker: Brian 'Mile Marker Maverick' Fisher, Company: Blue Horizon Transports, ID Num: C4, Price of Crate: 244, Scenario: A crate was unloaded, but the truck still has more crates to unload.
Unload Time: 220, Trucker: Carlos 'Cargo Commander' Foster, Company: Freedom Truck Lines, ID Num: C0, Price of Crate: 303, Scenario: A crate was unloaded, and the truck was sent off.
Unload Time: 220, Trucker: Nicole 'Rig Rider' Smith, Company: Patriot Road Warriors, ID Num: C1, Price of Crate: 494, Scenario: A crate was unloaded, but the truck still has more crates to unload.
Unload Time: 230, Trucker: James 'Highway Hawk' Johnson, Company: Blue Horizon Transports, ID Num: C2, Price of Crate: 352, Scenario: A crate was unloaded, but the truck still has more crates to unload.
Unload Time: 230, Trucker: Brian 'Mile Marker Maverick' Fisher, Company: Blue Horizon Transports, ID Num: C3, Price of Crate: 119, Scenario: A crate was unloaded, but the truck still has more crates to unload.
Unload Time: 230, Trucker: Brad 'Highway Harmony' Lewis, Company: Silver Arrow Shipping, ID Num: C0, Price of Crate: 97, Scenario: A crate was unloaded, and the truck was sent off.
Unload Time: 230, Trucker: Lisa 'Gears Galore' Bailey, Company: Trucker's Choice Transport, ID Num: C1, Price of Crate: 164, Scenario: A crate was unloaded, but the truck still has more crates to unload.
Unload Time: 230, Trucker: Brian 'Mile Marker Maverick' Fisher, Company: Sunrise Hauling Co., ID Num: C3, Price of Crate: 339, Scenario: A crate was unloaded, but the truck still has more crates to unload.
Unload Time: 230, Trucker: Nicole 'Rig Rider' Smith, Company: Patriot Road Warriors, ID Num: C0, Price of Crate: 330, Scenario: A crate was unloaded, and the truck was sent off.
Unload Time: 230, Trucker: Robert 'Drivin' Dreamer' Perry, Company: Swift Roadways Ltd., ID Num: C4, Price of Crate: 148, Scenario: A crate was unloaded, but the truck still has more crates to unload.
Unload Time: 230, Trucker: Laura 'Interstate Star' Bennett, Company: Redwood Trucking Group, ID Num: C4, Price of Crate: 371, Scenario: A crate was unloaded, but the truck still has more crates to unload.
Unload Time: 230, Trucker: Erin 'Diesel Duchess' Jackson, Company: Big Sky Express, ID Num: C3, Price of Crate: 53, Scenario: A crate was unloaded, but the truck still has more crates to unload.
Unload Time: 230, Trucker: Rachel 'Gearshift Gladiator' Davis, Company: Sunrise Hauling Co., ID Num: C2, Price of Crate: 359, Scenario: A crate was unloaded, but the truck still has more crates to unload.
Unload Time: 230, Trucker: Carlos 'Cargo Commander' Foster, Company: Cargo Masters Inc., ID Num: C1, Price of Crate: 347, Scenario: A crate was unloaded, but the truck still has more crates to unload.
Unload Time: 240, Trucker: James 'Highway Hawk' Johnson, Company: Blue Horizon Transports, ID Num: C1, Price of Crate: 449, Scenario: A crate was unloaded, but the truck still has more crates to unload.
Unload Time: 240, Trucker: Brian 'Mile Marker Maverick' Fisher, Company: Blue Horizon Transports, ID Num: C2, Price of Crate: 163, Scenario: A crate was unloaded, but the truck still has more crates to unload.
Unload Time: 240, Trucker: Frank 'Trucker Tornado' Davis, Company: Silver Arrow Shipping, ID Num: C4, Price of Crate: 171, Scenario: A crate was unloaded, but the truck still has more crates to unload.
Unload Time: 240, Trucker: Lisa 'Gears Galore' Bailey, Company: Trucker's Choice Transport, ID Num: C0, Price of Crate: 258, Scenario: A crate was unloaded, and the truck was sent off.
Unload Time: 240, Trucker: Brian 'Mile Marker Maverick' Fisher, Company: Sunrise Hauling Co., ID Num: C2, Price of Crate: 148, Scenario: A crate was unloaded, but the truck still has more crates to unload.
Unload Time: 240, Trucker: Robert 'Drivin' Dreamer' Perry, Company: Swift Roadways Ltd., ID Num: C3, Price of Crate: 425, Scenario: A crate was unloaded, but the truck still has more crates to unload.
Unload Time: 240, Trucker: Laura 'Interstate Star' Bennett, Company: Redwood Trucking Group, ID Num: C3, Price of Crate: 201, Scenario: A crate was unloaded, but the truck still has more crates to unload.
Unload Time: 240, Trucker: Erin 'Diesel Duchess' Jackson, Company: Big Sky Express, ID Num: C2, Price of Crate: 174, Scenario: A crate was unloaded, but the truck still has more crates to unload.
Unload Time: 240, Trucker: Rachel 'Gearshift Gladiator' Davis, Company: Sunrise Hauling Co., ID Num: C1, Price of Crate: 244, Scenario: A crate was unloaded, but the truck still has more crates to unload.
Unload Time: 240, Trucker: Carlos 'Cargo Commander' Foster, Company: Cargo Masters Inc., ID Num: C0, Price of Crate: 57, Scenario: A crate was unloaded, and the truck was sent off.
Unload Time: 250, Trucker: James 'Highway Hawk' Johnson, Company: Blue Horizon Transports, ID Num: C0, Price of Crate: 487, Scenario: A crate was unloaded, and the truck was sent off.
Unload Time: 250, Trucker: Brian 'Mile Marker Maverick' Fisher, Company: Blue Horizon Transports, ID Num: C1, Price of Crate: 323, Scenario: A crate was unloaded, but the truck still has more crates to unload.
Unload Time: 250, Trucker: Ron 'Freeway Firebrand' Bennett, Company: Interstate Logistics, ID Num: C0, Price of Crate: 271, Scenario: A crate was unloaded, and the truck was sent off.
Unload Time: 250, Trucker: Frank 'Trucker Tornado' Davis, Company: Silver Arrow Shipping, ID Num: C3, Price of Crate: 476, Scenario: A crate was unloaded, but the truck still has more crates to unload.
Unload Time: 250, Trucker: Brian 'Mile Marker Maverick' Fisher, Company: Sunrise Hauling Co., ID Num: C1, Price of Crate: 103, Scenario: A crate was unloaded, but the truck still has more crates to unload.
Unload Time: 250, Trucker: Sarah 'Storm Surge' Gray, Company: High Gear Transport, ID Num: C0, Price of Crate: 103, Scenario: A crate was unloaded, and the truck was sent off.
Unload Time: 250, Trucker: Robert 'Drivin' Dreamer' Perry, Company: Swift Roadways Ltd., ID Num: C2, Price of Crate: 477, Scenario: A crate was unloaded, but the truck still has more crates to unload.
Unload Time: 250, Trucker: Laura 'Interstate Star' Bennett, Company: Redwood Trucking Group, ID Num: C2, Price of Crate: 55, Scenario: A crate was unloaded, but the truck still has more crates to unload.
Unload Time: 250, Trucker: Erin 'Diesel Duchess' Jackson, Company: Big Sky Express, ID Num: C1, Price of Crate: 396, Scenario: A crate was unloaded, but the truck still has more crates to unload.
Unload Time: 250, Trucker: Rachel 'Gearshift Gladiator' Davis, Company: Sunrise Hauling Co., ID Num: C0, Price of Crate: 160, Scenario: A crate was unloaded, and the truck was sent off.
Unload Time: 260, Trucker: Brian 'Mile Marker Maverick' Fisher, Company: Blue Horizon Transports, ID Num: C0, Price of Crate: 266, Scenario: A crate was unloaded, and the truck was sent off.
Unload Time: 260, Trucker: Frank 'Trucker Tornado' Davis, Company: Silver Arrow Shipping, ID Num: C2, Price of Crate: 344, Scenario: A crate was unloaded, but the truck still has more crates to unload.
Unload Time: 260, Trucker: Andy 'Truckin' Tornado' Stewart, Company: Eagle Transport Services, ID Num: C3, Price of Crate: 67, Scenario: A crate was unloaded, but the truck still has more crates to unload.
Unload Time: 260, Trucker: Brian 'Mile Marker Maverick' Fisher, Company: Sunrise Hauling Co., ID Num: C0, Price of Crate: 95, Scenario: A crate was unloaded, and the truck was sent off.
Unload Time: 260, Trucker: Robert 'Drivin' Dreamer' Perry, Company: Swift Roadways Ltd., ID Num: C1, Price of Crate: 453, Scenario: A crate was unloaded, but the truck still has more crates to unload.
Unload Time: 260, Trucker: Laura 'Interstate Star' Bennett, Company: Redwood Trucking Group, ID Num: C1, Price of Crate: 140, Scenario: A crate was unloaded, but the truck still has more crates to unload.
Unload Time: 260, Trucker: Erin 'Diesel Duchess' Jackson, Company: Big Sky Express, ID Num: C0, Price of Crate: 351, Scenario: A crate was unloaded, and the truck was sent off.
Unload Time: 260, Trucker: Alan 'Highway Heroic' Wilson, Company: Patriot Road Warriors, ID Num: C2, Price of Crate: 282, Scenario: A crate was unloaded, but the truck still has more crates to unload.
Unload Time: 270, Trucker: Peter 'Trucker Trailmaster' Wright, Company: Speedy Freight Express, ID Num: C3, Price of Crate: 436, Scenario: A crate was unloaded, but the truck still has more crates to unload.
Unload Time: 270, Trucker: Brad 'Highway Harmony' Lewis, Company: Sunrise Hauling Co., ID Num: C2, Price of Crate: 267, Scenario: A crate was unloaded, but the truck still has more crates to unload.
Unload Time: 270, Trucker: Frank 'Trucker Tornado' Davis, Company: Silver Arrow Shipping, ID Num: C1, Price of Crate: 201, Scenario: A crate was unloaded, but the truck still has more crates to unload.
Unload Time: 270, Trucker: Andy 'Truckin' Tornado' Stewart, Company: Eagle Transport Services, ID Num: C2, Price of Crate: 276, Scenario: A crate was unloaded, but the truck still has more crates to unload.
Unload Time: 270, Trucker: Robert 'Drivin' Dreamer' Perry, Company: Swift Roadways Ltd., ID Num: C0, Price of Crate: 257, Scenario: A crate was unloaded, and the truck was sent off.
Unload Time: 270, Trucker: Laura 'Interstate Star' Bennett, Company: Redwood Trucking Group, ID Num: C0, Price of Crate: 103, Scenario: A crate was unloaded, and the truck was sent off.
Unload Time: 270, Trucker: Alan 'Highway Heroic' Wilson, Company: Patriot Road Warriors, ID Num: C1, Price of Crate: 91, Scenario: A crate was unloaded, but the truck still has more crates to unload.
Unload Time: 280, Trucker: Peter 'Trucker Trailmaster' Wright, Company: Speedy Freight Express, ID Num: C2, Price of Crate: 397, Scenario: A crate was unloaded, but the truck still has more crates to unload.
Unload Time: 280, Trucker: John 'Diesel Dynamo' Bennett, Company: Windy City Carriers, ID Num: C3, Price of Crate: 226, Scenario: A crate was unloaded, but the truck still has more crates to unload.
Unload Time: 280, Trucker: Brad 'Highway Harmony' Lewis, Company: Sunrise Hauling Co., ID Num: C1, Price of Crate: 418, Scenario: A crate was unloaded, but the truck still has more crates to unload.
Unload Time: 280, Trucker: Frank 'Trucker Tornado' Davis, Company: Silver Arrow Shipping, ID Num: C0, Price of Crate: 170, Scenario: A crate was unloaded, and the truck was sent off.
Unload Time: 280, Trucker: Andy 'Truckin' Tornado' Stewart, Company: Eagle Transport Services, ID Num: C1, Price of Crate: 292, Scenario: A crate was unloaded, but the truck still has more crates to unload.
Unload Time: 280, Trucker: Lisa 'Freight Fiend' Foster, Company: Big Sky Express, ID Num: C2, Price of Crate: 167, Scenario: A crate was unloaded, but the truck still has more crates to unload.
Unload Time: 280, Trucker: Chris 'Thunderstruck' Martin, Company: Interstate Logistics, ID Num: C1, Price of Crate: 370, Scenario: A crate was unloaded, but the truck still has more crates to unload.
Unload Time: 280, Trucker: Lisa 'Road Warrior' Parker, Company: Eagle Transport Services, ID Num: C1, Price of Crate: 497, Scenario: A crate was unloaded, but the truck still has more crates to unload.
Unload Time: 280, Trucker: Mike 'Diesel Daredevil' Mitchell, Company: Interstate Logistics, ID Num: C0, Price of Crate: 75, Scenario: A crate was unloaded, and the truck was sent off.
Unload Time: 280, Trucker: Alan 'Highway Heroic' Wilson, Company: Patriot Road Warriors, ID Num: C0, Price of Crate: 52, Scenario: A crate was unloaded, and the truck was sent off.
Unload Time: 290, Trucker: Peter 'Trucker Trailmaster' Wright, Company: Speedy Freight Express, ID Num: C1, Price of Crate: 215, Scenario: A crate was unloaded, but the truck still has more crates to unload.
Unload Time: 290, Trucker: John 'Diesel Dynamo' Bennett, Company: Windy City Carriers, ID Num: C2, Price of Crate: 68, Scenario: A crate was unloaded, but the truck still has more crates to unload.
Unload Time: 290, Trucker: Brad 'Highway Harmony' Lewis, Company: Sunrise Hauling Co., ID Num: C0, Price of Crate: 177, Scenario: A crate was unloaded, and the truck was sent off.
Unload Time: 290, Trucker: Andy 'Truckin' Tornado' Stewart, Company: Eagle Transport Services, ID Num: C0, Price of Crate: 161, Scenario: A crate was unloaded, and the truck was sent off.
Unload Time: 290, Trucker: Lisa 'Freight Fiend' Foster, Company: Big Sky Express, ID Num: C1, Price of Crate: 399, Scenario: A crate was unloaded, but the truck still has more crates to unload.
Unload Time: 290, Trucker: Chris 'Thunderstruck' Martin, Company: Interstate Logistics, ID Num: C0, Price of Crate: 348, Scenario: A crate was unloaded, and the truck was sent off.
Unload Time: 290, Trucker: Carla 'Hauling Heroine' Sanchez, Company: Trucker's Choice Transport, ID Num: C4, Price of Crate: 101, Scenario: A crate was unloaded, but the truck still has more crates to unload.
Unload Time: 290, Trucker: Sarah 'Highway Queen' Rodriguez, Company: Speedy Freight Express, ID Num: C2, Price of Crate: 382, Scenario: A crate was unloaded, but the truck still has more crates to unload.
Unload Time: 290, Trucker: Lisa 'Road Warrior' Parker, Company: Eagle Transport Services, ID Num: C0, Price of Crate: 440, Scenario: A crate was unloaded, and the truck was sent off.
Unload Time: 300, Trucker: Peter 'Trucker Trailmaster' Wright, Company: Speedy Freight Express, ID Num: C0, Price of Crate: 348, Scenario: A crate was unloaded, and the truck was sent off.
Unload Time: 300, Trucker: John 'Diesel Dynamo' Bennett, Company: Windy City Carriers, ID Num: C1, Price of Crate: 492, Scenario: A crate was unloaded, but the truck still has more crates to unload.
Unload Time: 300, Trucker: Brad 'Highway Harmony' Lewis, Company: Eagle Transport Services, ID Num: C4, Price of Crate: 301, Scenario: A crate was unloaded, but the truck still has more crates to unload.
Unload Time: 300, Trucker: Lisa 'Freight Fiend' Foster, Company: Big Sky Express, ID Num: C0, Price of Crate: 275, Scenario: A crate was unloaded, and the truck was sent off.
Unload Time: 300, Trucker: Carla 'Hauling Heroine' Sanchez, Company: Trucker's Choice Transport, ID Num: C3, Price of Crate: 94, Scenario: A crate was unloaded, but the truck still has more crates to unload.
Unload Time: 300, Trucker: Sarah 'Highway Queen' Rodriguez, Company: Speedy Freight Express, ID Num: C1, Price of Crate: 73, Scenario: A crate was unloaded, but the truck still has more crates to unload.
Unload Time: 300, Trucker: Jessica 'Hauling Hero' Clark, Company: Interstate Logistics, ID Num: C4, Price of Crate: 324, Scenario: A crate was unloaded, but the truck still has more crates to unload.
Unload Time: 300, Trucker: Frank 'Trucker Tornado' Davis, Company: Big Sky Express, ID Num: C4, Price of Crate: 379, Scenario: A crate was unloaded, but the truck still has more crates to unload.
Unload Time: 310, Trucker: John 'Diesel Dynamo' Bennett, Company: Windy City Carriers, ID Num: C0, Price of Crate: 112, Scenario: A crate was unloaded, and the truck was sent off.
Unload Time: 310, Trucker: Brian 'Truckin' Titan' Morris, Company: Cargo Masters Inc., ID Num: C2, Price of Crate: 342, Scenario: A crate was unloaded, but the truck still has more crates to unload.
Unload Time: 310, Trucker: Brad 'Highway Harmony' Lewis, Company: Eagle Transport Services, ID Num: C3, Price of Crate: 324, Scenario: A crate was unloaded, but the truck still has more crates to unload.
Unload Time: 310, Trucker: Amy 'Breeze Rider' Hill, Company: Interstate Logistics, ID Num: C1, Price of Crate: 319, Scenario: A crate was unloaded, but the truck still has more crates to unload.
Unload Time: 310, Trucker: Greg 'Gearshift Gladiator' Ross, Company: Patriot Road Warriors, ID Num: C1, Price of Crate: 259, Scenario: A crate was unloaded, but the truck still has more crates to unload.
Unload Time: 310, Trucker: Carla 'Hauling Heroine' Sanchez, Company: Trucker's Choice Transport, ID Num: C2, Price of Crate: 170, Scenario: A crate was unloaded, but the truck still has more crates to unload.
Unload Time: 310, Trucker: Sarah 'Highway Queen' Rodriguez, Company: Speedy Freight Express, ID Num: C0, Price of Crate: 329, Scenario: A crate was unloaded, and the truck was sent off.
Unload Time: 310, Trucker: Todd 'Truckin' Troubadour' Taylor, Company: Starlight Freight Services, ID Num: C1, Price of Crate: 115, Scenario: A crate was unloaded, but the truck still has more crates to unload.
Unload Time: 310, Trucker: Jessica 'Hauling Hero' Clark, Company: Interstate Logistics, ID Num: C3, Price of Crate: 455, Scenario: A crate was unloaded, but the truck still has more crates to unload.
Unload Time: 310, Trucker: Frank 'Trucker Tornado' Davis, Company: Big Sky Express, ID Num: C3, Price of Crate: 449, Scenario: A crate was unloaded, but the truck still has more crates to unload.
Unload Time: 320, Trucker: Cindy 'Truckin' Troubadour' Reed, Company: Big Sky Express, ID Num: C3, Price of Crate: 350, Scenario: A crate was unloaded, but the truck still has more crates to unload.
Unload Time: 320, Trucker: Brian 'Truckin' Titan' Morris, Company: Cargo Masters Inc., ID Num: C1, Price of Crate: 52, Scenario: A crate was unloaded, but the truck still has more crates to unload.
Unload Time: 320, Trucker: Brad 'Highway Harmony' Lewis, Company: Eagle Transport Services, ID Num: C2, Price of Crate: 353, Scenario: A crate was unloaded, but the truck still has more crates to unload.
Unload Time: 320, Trucker: Amy 'Breeze Rider' Hill, Company: Interstate Logistics, ID Num: C0, Price of Crate: 161, Scenario: A crate was unloaded, and the truck was sent off.
Unload Time: 320, Trucker: Robert 'Drivin' Dreamer' Perry, Company: American Freightways, ID Num: C4, Price of Crate: 357, Scenario: A crate was unloaded, but the truck still has more crates to unload.
Unload Time: 320, Trucker: Greg 'Gearshift Gladiator' Ross, Company: Patriot Road Warriors, ID Num: C0, Price of Crate: 70, Scenario: A crate was unloaded, and the truck was sent off.
Unload Time: 320, Trucker: Carla 'Hauling Heroine' Sanchez, Company: Trucker's Choice Transport, ID Num: C1, Price of Crate: 152, Scenario: A crate was unloaded, but the truck still has more crates to unload.
Unload Time: 320, Trucker: Todd 'Truckin' Troubadour' Taylor, Company: Starlight Freight Services, ID Num: C0, Price of Crate: 354, Scenario: A crate was unloaded, and the truck was sent off.
Unload Time: 320, Trucker: Jessica 'Hauling Hero' Clark, Company: Interstate Logistics, ID Num: C2, Price of Crate: 424, Scenario: A crate was unloaded, but the truck still has more crates to unload.
Unload Time: 320, Trucker: Frank 'Trucker Tornado' Davis, Company: Big Sky Express, ID Num: C2, Price of Crate: 224, Scenario: A crate was unloaded, but the truck still has more crates to unload.
Unload Time: 330, Trucker: Cindy 'Truckin' Troubadour' Reed, Company: Big Sky Express, ID Num: C2, Price of Crate: 496, Scenario: A crate was unloaded, but the truck still has more crates to unload.
Unload Time: 330, Trucker: Frank 'Trucker Tornado' Davis, Company: Silver Arrow Shipping, ID Num: C3, Price of Crate: 470, Scenario: A crate was unloaded, but the truck still has more crates to unload.
Unload Time: 330, Trucker: Brian 'Truckin' Titan' Morris, Company: Cargo Masters Inc., ID Num: C0, Price of Crate: 168, Scenario: A crate was unloaded, and the truck was sent off.
Unload Time: 330, Trucker: Brad 'Highway Harmony' Lewis, Company: Eagle Transport Services, ID Num: C1, Price of Crate: 297, Scenario: A crate was unloaded, but the truck still has more crates to unload.
Unload Time: 330, Trucker: Robert 'Drivin' Dreamer' Perry, Company: American Freightways, ID Num: C3, Price of Crate: 387, Scenario: A crate was unloaded, but the truck still has more crates to unload.
Unload Time: 330, Trucker: Carla 'Hauling Heroine' Sanchez, Company: Trucker's Choice Transport, ID Num: C0, Price of Crate: 250, Scenario: A crate was unloaded, and the truck was sent off.
Unload Time: 330, Trucker: Donna 'High Gear' Garcia, Company: Golden Wheel Carriers, ID Num: C1, Price of Crate: 488, Scenario: A crate was unloaded, but the truck still has more crates to unload.
Unload Time: 330, Trucker: Jessica 'Hauling Hero' Clark, Company: Interstate Logistics, ID Num: C1, Price of Crate: 358, Scenario: A crate was unloaded, but the truck still has more crates to unload.
Unload Time: 330, Trucker: Frank 'Trucker Tornado' Davis, Company: Big Sky Express, ID Num: C1, Price of Crate: 97, Scenario: A crate was unloaded, but the truck still has more crates to unload.
Unload Time: 340, Trucker: Cindy 'Truckin' Troubadour' Reed, Company: Big Sky Express, ID Num: C1, Price of Crate: 318, Scenario: A crate was unloaded, but the truck still has more crates to unload.
Unload Time: 340, Trucker: Frank 'Trucker Tornado' Davis, Company: Silver Arrow Shipping, ID Num: C2, Price of Crate: 122, Scenario: A crate was unloaded, but the truck still has more crates to unload.
Unload Time: 340, Trucker: Brad 'Highway Harmony' Lewis, Company: Eagle Transport Services, ID Num: C0, Price of Crate: 453, Scenario: A crate was unloaded, and the truck was sent off.
Unload Time: 340, Trucker: Ray 'Highway Hero' Cooper, Company: High Gear Transport, ID Num: C4, Price of Crate: 65, Scenario: A crate was unloaded, but the truck still has more crates to unload.
Unload Time: 340, Trucker: Robert 'Drivin' Dreamer' Perry, Company: American Freightways, ID Num: C2, Price of Crate: 246, Scenario: A crate was unloaded, but the truck still has more crates to unload.
Unload Time: 340, Trucker: Ron 'Freeway Firebrand' Bennett, Company: Eagle Transport Services, ID Num: C1, Price of Crate: 462, Scenario: A crate was unloaded, but the truck still has more crates to unload.
Unload Time: 340, Trucker: Donna 'High Gear' Garcia, Company: Golden Wheel Carriers, ID Num: C0, Price of Crate: 223, Scenario: A crate was unloaded, and the truck was sent off.
Unload Time: 340, Trucker: Rachel 'Steel Thunder' Mitchell, Company: Sunrise Hauling Co., ID Num: C0, Price of Crate: 280, Scenario: A crate was unloaded, and the truck was sent off.
Unload Time: 340, Trucker: Jessica 'Hauling Hero' Clark, Company: Interstate Logistics, ID Num: C0, Price of Crate: 186, Scenario: A crate was unloaded, and the truck was sent off.
Unload Time: 340, Trucker: Frank 'Trucker Tornado' Davis, Company: Big Sky Express, ID Num: C0, Price of Crate: 442, Scenario: A crate was unloaded, and the truck was sent off.
Unload Time: 350, Trucker: Cindy 'Truckin' Troubadour' Reed, Company: Big Sky Express, ID Num: C0, Price of Crate: 139, Scenario: A crate was unloaded, and the truck was sent off.
Unload Time: 350, Trucker: Frank 'Trucker Tornado' Davis, Company: Silver Arrow Shipping, ID Num: C1, Price of Crate: 258, Scenario: A crate was unloaded, but the truck still has more crates to unload.
Unload Time: 350, Trucker: Olivia 'Speedy Delivery' Young, Company: Freedom Truck Lines, ID Num: C4, Price of Crate: 214, Scenario: A crate was unloaded, but the truck still has more crates to unload.
Unload Time: 350, Trucker: Ray 'Highway Hero' Cooper, Company: High Gear Transport, ID Num: C3, Price of Crate: 178, Scenario: A crate was unloaded, but the truck still has more crates to unload.
Unload Time: 350, Trucker: Robert 'Drivin' Dreamer' Perry, Company: American Freightways, ID Num: C1, Price of Crate: 115, Scenario: A crate was unloaded, but the truck still has more crates to unload.
Unload Time: 350, Trucker: Ron 'Freeway Firebrand' Bennett, Company: Eagle Transport Services, ID Num: C0, Price of Crate: 426, Scenario: A crate was unloaded, and the truck was sent off.
Unload Time: 350, Trucker: Angela 'Mud Flap Maven' Thomas, Company: Yellow Ribbon Logistics, ID Num: C1, Price of Crate: 83, Scenario: A crate was unloaded, but the truck still has more crates to unload.
Unload Time: 360, Trucker: Frank 'Trucker Tornado' Davis, Company: Silver Arrow Shipping, ID Num: C0, Price of Crate: 290, Scenario: A crate was unloaded, and the truck was sent off.
Unload Time: 360, Trucker: Olivia 'Speedy Delivery' Young, Company: Freedom Truck Lines, ID Num: C3, Price of Crate: 472, Scenario: A crate was unloaded, but the truck still has more crates to unload.
Unload Time: 360, Trucker: Alex 'High Gear' Butler, Company: Sunrise Hauling Co., ID Num: C4, Price of Crate: 265, Scenario: A crate was unloaded, but the truck still has more crates to unload.
Unload Time: 360, Trucker: Ray 'Highway Hero' Cooper, Company: High Gear Transport, ID Num: C2, Price of Crate: 345, Scenario: A crate was unloaded, but the truck still has more crates to unload.
Unload Time: 360, Trucker: Robert 'Drivin' Dreamer' Perry, Company: American Freightways, ID Num: C0, Price of Crate: 330, Scenario: A crate was unloaded, and the truck was sent off.
Unload Time: 360, Trucker: Angela 'Mud Flap Maven' Thomas, Company: Yellow Ribbon Logistics, ID Num: C0, Price of Crate: 269, Scenario: A crate was unloaded, and the truck was sent off.
Unload Time: 360, Trucker: David 'Trucker Trekker' Anderson, Company: Trucker's Choice Transport, ID Num: C1, Price of Crate: 342, Scenario: A crate was unloaded, but the truck still has more crates to unload.
Unload Time: 360, Trucker: Scott 'Miles Away' Hill, Company: Trucker's Choice Transport, ID Num: C2, Price of Crate: 209, Scenario: A crate was unloaded, but the truck still has more crates to unload.
Unload Time: 360, Trucker: John 'Diesel Dynamo' Bennett, Company: Interstate Logistics, ID Num: C4, Price of Crate: 386, Scenario: A crate was unloaded, but the truck still has more crates to unload.
Unload Time: 360, Trucker: Michael 'Road Rescuer' Murphy, Company: Redwood Trucking Group, ID Num: C1, Price of Crate: 190, Scenario: A crate was unloaded, but the truck still has more crates to unload.
Unload Time: 370, Trucker: Frank 'Trucker Tornado' Davis, Company: Highway Haulers Co., ID Num: C3, Price of Crate: 389, Scenario: A crate was unloaded, but the truck still has more crates to unload.
Unload Time: 370, Trucker: Olivia 'Speedy Delivery' Young, Company: Freedom Truck Lines, ID Num: C2, Price of Crate: 127, Scenario: A crate was unloaded, but the truck still has more crates to unload.
Unload Time: 370, Trucker: Alex 'High Gear' Butler, Company: Sunrise Hauling Co., ID Num: C3, Price of Crate: 497, Scenario: A crate was unloaded, but the truck still has more crates to unload.
Unload Time: 370, Trucker: Ray 'Highway Hero' Cooper, Company: High Gear Transport, ID Num: C1, Price of Crate: 113, Scenario: A crate was unloaded, but the truck still has more crates to unload.
Unload Time: 370, Trucker: Rachel 'Steel Thunder' Mitchell, Company: Pioneer Trucking Solutions, ID Num: C0, Price of Crate: 52, Scenario: A crate was unloaded, and the truck was sent off.
Unload Time: 370, Trucker: David 'Trucker Trekker' Anderson, Company: Trucker's Choice Transport, ID Num: C0, Price of Crate: 447, Scenario: A crate was unloaded, and the truck was sent off.
Unload Time: 370, Trucker: Scott 'Miles Away' Hill, Company: Trucker's Choice Transport, ID Num: C1, Price of Crate: 110, Scenario: A crate was unloaded, but the truck still has more crates to unload.
Unload Time: 370, Trucker: John 'Diesel Dynamo' Bennett, Company: Interstate Logistics, ID Num: C3, Price of Crate: 462, Scenario: A crate was unloaded, but the truck still has more crates to unload.
Unload Time: 370, Trucker: Michael 'Road Rescuer' Murphy, Company: Redwood Trucking Group, ID Num: C0, Price of Crate: 123, Scenario: A crate was unloaded, and the truck was sent off.
Unload Time: 380, Trucker: Frank 'Trucker Tornado' Davis, Company: Highway Haulers Co., ID Num: C2, Price of Crate: 270, Scenario: A crate was unloaded, but the truck still has more crates to unload.
Unload Time: 380, Trucker: Patrick 'High Beam' Carter, Company: Freedom Truck Lines, ID Num: C4, Price of Crate: 183, Scenario: A crate was unloaded, but the truck still has more crates to unload.
Unload Time: 380, Trucker: Olivia 'Speedy Delivery' Young, Company: Freedom Truck Lines, ID Num: C1, Price of Crate: 488, Scenario: A crate was unloaded, but the truck still has more crates to unload.
Unload Time: 380, Trucker: Alex 'High Gear' Butler, Company: Sunrise Hauling Co., ID Num: C2, Price of Crate: 485, Scenario: A crate was unloaded, but the truck still has more crates to unload.
Unload Time: 380, Trucker: Ray 'Highway Hero' Cooper, Company: High Gear Transport, ID Num: C0, Price of Crate: 347, Scenario: A crate was unloaded, and the truck was sent off.
Unload Time: 380, Trucker: Scott 'Miles Away' Hill, Company: Trucker's Choice Transport, ID Num: C0, Price of Crate: 367, Scenario: A crate was unloaded, and the truck was sent off.
Unload Time: 380, Trucker: John 'Diesel Dynamo' Bennett, Company: Interstate Logistics, ID Num: C2, Price of Crate: 303, Scenario: A crate was unloaded, but the truck still has more crates to unload.
Unload Time: 390, Trucker: Frank 'Trucker Tornado' Davis, Company: Highway Haulers Co., ID Num: C1, Price of Crate: 61, Scenario: A crate was unloaded, but the truck still has more crates to unload.
Unload Time: 390, Trucker: Patrick 'High Beam' Carter, Company: Freedom Truck Lines, ID Num: C3, Price of Crate: 497, Scenario: A crate was unloaded, but the truck still has more crates to unload.
Unload Time: 390, Trucker: Olivia 'Speedy Delivery' Young, Company: Freedom Truck Lines, ID Num: C0, Price of Crate: 286, Scenario: A crate was unloaded, and the truck was sent off.
Unload Time: 390, Trucker: Alex 'High Gear' Butler, Company: Sunrise Hauling Co., ID Num: C1, Price of Crate: 197, Scenario: A crate was unloaded, but the truck still has more crates to unload.
Unload Time: 390, Trucker: Sarah 'Storm Surge' Gray, Company: Sunrise Hauling Co., ID Num: C3, Price of Crate: 372, Scenario: A crate was unloaded, but the truck still has more crates to unload.
Unload Time: 390, Trucker: Lisa 'Freight Fiend' Foster, Company: Sunset Transport Systems, ID Num: C2, Price of Crate: 476, Scenario: A crate was unloaded, but the truck still has more crates to unload.
Unload Time: 390, Trucker: Robert 'Cargo Crusader' Foster, Company: Green Line Express, ID Num: C3, Price of Crate: 84, Scenario: A crate was unloaded, but the truck still has more crates to unload.
Unload Time: 390, Trucker: Gary 'Cargo Crusader' Lewis, Company: Eagle Transport Services, ID Num: C4, Price of Crate: 185, Scenario: A crate was unloaded, but the truck still has more crates to unload.
Unload Time: 390, Trucker: John 'Diesel Dynamo' Bennett, Company: Interstate Logistics, ID Num: C1, Price of Crate: 209, Scenario: A crate was unloaded, but the truck still has more crates to unload.
Unload Time: 390, Trucker: Laura 'Highway Harmony' Collins, Company: Interstate Logistics, ID Num: C3, Price of Crate: 465, Scenario: A crate was unloaded, but the truck still has more crates to unload.
Unload Time: 400, Trucker: Frank 'Trucker Tornado' Davis, Company: Highway Haulers Co., ID Num: C0, Price of Crate: 109, Scenario: A crate was unloaded, and the truck was sent off.
Unload Time: 400, Trucker: Patrick 'High Beam' Carter, Company: Freedom Truck Lines, ID Num: C2, Price of Crate: 376, Scenario: A crate was unloaded, but the truck still has more crates to unload.
Unload Time: 400, Trucker: Alex 'High Gear' Butler, Company: Sunrise Hauling Co., ID Num: C0, Price of Crate: 324, Scenario: A crate was unloaded, and the truck was sent off.
Unload Time: 400, Trucker: Robert 'Cargo Crusader' Foster, Company: Swift Roadways Ltd., ID Num: C0, Price of Crate: 373, Scenario: A crate was unloaded, and the truck was sent off.
Unload Time: 400, Trucker: Sarah 'Storm Surge' Gray, Company: Sunrise Hauling Co., ID Num: C2, Price of Crate: 262, Scenario: A crate was unloaded, but the truck still has more crates to unload.
Unload Time: 400, Trucker: Lisa 'Freight Fiend' Foster, Company: Sunset Transport Systems, ID Num: C1, Price of Crate: 128, Scenario: A crate was unloaded, but the truck still has more crates to unload.
Unload Time: 400, Trucker: Robert 'Cargo Crusader' Foster, Company: Green Line Express, ID Num: C2, Price of Crate: 208, Scenario: A crate was unloaded, but the truck still has more crates to unload.
Unload Time: 400, Trucker: Gary 'Cargo Crusader' Lewis, Company: Eagle Transport Services, ID Num: C3, Price of Crate: 312, Scenario: A crate was unloaded, but the truck still has more crates to unload.
Unload Time: 400, Trucker: Jessica 'The Truckin' Trooper' Lewis, Company: Big Sky Express, ID Num: C3, Price of Crate: 289, Scenario: A crate was unloaded, but the truck still has more crates to unload.
Unload Time: 400, Trucker: John 'Diesel Dynamo' Bennett, Company: Interstate Logistics, ID Num: C0, Price of Crate: 394, Scenario: A crate was unloaded, and the truck was sent off.
Unload Time: 400, Trucker: Laura 'Highway Harmony' Collins, Company: Interstate Logistics, ID Num: C2, Price of Crate: 219, Scenario: A crate was unloaded, but the truck still has more crates to unload.
Unload Time: 410, Trucker: Patrick 'High Beam' Carter, Company: Freedom Truck Lines, ID Num: C1, Price of Crate: 114, Scenario: A crate was unloaded, but the truck still has more crates to unload.
Unload Time: 410, Trucker: Todd 'Truckin' Troubadour' Taylor, Company: Freedom Truck Lines, ID Num: C3, Price of Crate: 318, Scenario: A crate was unloaded, but the truck still has more crates to unload.
Unload Time: 410, Trucker: Sarah 'Storm Surge' Gray, Company: Sunrise Hauling Co., ID Num: C1, Price of Crate: 100, Scenario: A crate was unloaded, but the truck still has more crates to unload.
Unload Time: 410, Trucker: Lisa 'Freight Fiend' Foster, Company: Sunset Transport Systems, ID Num: C0, Price of Crate: 362, Scenario: A crate was unloaded, and the truck was sent off.
Unload Time: 410, Trucker: Robert 'Cargo Crusader' Foster, Company: Green Line Express, ID Num: C1, Price of Crate: 444, Scenario: A crate was unloaded, but the truck still has more crates to unload.
Unload Time: 410, Trucker: Gary 'Cargo Crusader' Lewis, Company: Eagle Transport Services, ID Num: C2, Price of Crate: 111, Scenario: A crate was unloaded, but the truck still has more crates to unload.
Unload Time: 410, Trucker: Jessica 'The Truckin' Trooper' Lewis, Company: Big Sky Express, ID Num: C2, Price of Crate: 237, Scenario: A crate was unloaded, but the truck still has more crates to unload.
Unload Time: 410, Trucker: Laura 'Highway Harmony' Collins, Company: Interstate Logistics, ID Num: C1, Price of Crate: 414, Scenario: A crate was unloaded, but the truck still has more crates to unload.
Unload Time: 420, Trucker: Tom 'Rig Runner' Brown, Company: Yellow Ribbon Logistics, ID Num: C3, Price of Crate: 394, Scenario: A crate was unloaded, but the truck still has more crates to unload.
Unload Time: 420, Trucker: Patrick 'High Beam' Carter, Company: Freedom Truck Lines, ID Num: C0, Price of Crate: 237, Scenario: A crate was unloaded, and the truck was sent off.
Unload Time: 420, Trucker: Todd 'Truckin' Troubadour' Taylor, Company: Freedom Truck Lines, ID Num: C2, Price of Crate: 281, Scenario: A crate was unloaded, but the truck still has more crates to unload.
Unload Time: 420, Trucker: Patrick 'Road Rambler' Stewart, Company: Redwood Trucking Group, ID Num: C4, Price of Crate: 177, Scenario: A crate was unloaded, but the truck still has more crates to unload.
Unload Time: 420, Trucker: David 'Trucker Trekker' Anderson, Company: Interstate Logistics, ID Num: C4, Price of Crate: 157, Scenario: A crate was unloaded, but the truck still has more crates to unload.
Unload Time: 420, Trucker: Sarah 'Storm Surge' Gray, Company: Sunrise Hauling Co., ID Num: C0, Price of Crate: 238, Scenario: A crate was unloaded, and the truck was sent off.
Unload Time: 420, Trucker: Robert 'Cargo Crusader' Foster, Company: Green Line Express, ID Num: C0, Price of Crate: 266, Scenario: A crate was unloaded, and the truck was sent off.
Unload Time: 420, Trucker: Gary 'Cargo Crusader' Lewis, Company: Eagle Transport Services, ID Num: C1, Price of Crate: 136, Scenario: A crate was unloaded, but the truck still has more crates to unload.
Unload Time: 420, Trucker: Jessica 'The Truckin' Trooper' Lewis, Company: Big Sky Express, ID Num: C1, Price of Crate: 300, Scenario: A crate was unloaded, but the truck still has more crates to unload.
Unload Time: 420, Trucker: Carla 'Hauling Heroine' Sanchez, Company: Windy City Carriers, ID Num: C1, Price of Crate: 112, Scenario: A crate was unloaded, but the truck still has more crates to unload.
Unload Time: 420, Trucker: Laura 'Highway Harmony' Collins, Company: Interstate Logistics, ID Num: C0, Price of Crate: 265, Scenario: A crate was unloaded, and the truck was sent off.
Unload Time: 430, Trucker: Tom 'Rig Runner' Brown, Company: Yellow Ribbon Logistics, ID Num: C2, Price of Crate: 153, Scenario: A crate was unloaded, but the truck still has more crates to unload.
Unload Time: 430, Trucker: Todd 'Truckin' Troubadour' Taylor, Company: Freedom Truck Lines, ID Num: C1, Price of Crate: 442, Scenario: A crate was unloaded, but the truck still has more crates to unload.
Unload Time: 430, Trucker: Patrick 'Road Rambler' Stewart, Company: Redwood Trucking Group, ID Num: C3, Price of Crate: 338, Scenario: A crate was unloaded, but the truck still has more crates to unload.
Unload Time: 430, Trucker: David 'Trucker Trekker' Anderson, Company: Interstate Logistics, ID Num: C3, Price of Crate: 233, Scenario: A crate was unloaded, but the truck still has more crates to unload.
Unload Time: 430, Trucker: Rachel 'Gearshift Gladiator' Davis, Company: Interstate Logistics, ID Num: C4, Price of Crate: 132, Scenario: A crate was unloaded, but the truck still has more crates to unload.
Unload Time: 430, Trucker: Gary 'Cargo Crusader' Lewis, Company: Eagle Transport Services, ID Num: C0, Price of Crate: 437, Scenario: A crate was unloaded, and the truck was sent off.
Unload Time: 430, Trucker: Jessica 'The Truckin' Trooper' Lewis, Company: Big Sky Express, ID Num: C0, Price of Crate: 82, Scenario: A crate was unloaded, and the truck was sent off.
Unload Time: 430, Trucker: Carla 'Hauling Heroine' Sanchez, Company: Windy City Carriers, ID Num: C0, Price of Crate: 119, Scenario: A crate was unloaded, and the truck was sent off.
Unload Time: 440, Trucker: Tom 'Rig Runner' Brown, Company: Yellow Ribbon Logistics, ID Num: C1, Price of Crate: 167, Scenario: A crate was unloaded, but the truck still has more crates to unload.
Unload Time: 440, Trucker: Ron 'Freeway Firebrand' Bennett, Company: Windy City Carriers, ID Num: C0, Price of Crate: 262, Scenario: A crate was unloaded, and the truck was sent off.
Unload Time: 440, Trucker: Todd 'Truckin' Troubadour' Taylor, Company: Freedom Truck Lines, ID Num: C0, Price of Crate: 471, Scenario: A crate was unloaded, and the truck was sent off.
Unload Time: 440, Trucker: Patrick 'Road Rambler' Stewart, Company: Redwood Trucking Group, ID Num: C2, Price of Crate: 252, Scenario: A crate was unloaded, but the truck still has more crates to unload.
Unload Time: 440, Trucker: David 'Trucker Trekker' Anderson, Company: Interstate Logistics, ID Num: C2, Price of Crate: 186, Scenario: A crate was unloaded, but the truck still has more crates to unload.
Unload Time: 440, Trucker: Scott 'Miles Away' Hill, Company: Rocky Mountain Carriers, ID Num: C3, Price of Crate: 59, Scenario: A crate was unloaded, but the truck still has more crates to unload.
Unload Time: 440, Trucker: Rachel 'Gearshift Gladiator' Davis, Company: Interstate Logistics, ID Num: C3, Price of Crate: 52, Scenario: A crate was unloaded, but the truck still has more crates to unload.
Unload Time: 450, Trucker: Tom 'Rig Runner' Brown, Company: Yellow Ribbon Logistics, ID Num: C0, Price of Crate: 114, Scenario: A crate was unloaded, and the truck was sent off.
Unload Time: 450, Trucker: Patrick 'Road Rambler' Stewart, Company: Redwood Trucking Group, ID Num: C1, Price of Crate: 238, Scenario: A crate was unloaded, but the truck still has more crates to unload.
Unload Time: 450, Trucker: David 'Trucker Trekker' Anderson, Company: Interstate Logistics, ID Num: C1, Price of Crate: 201, Scenario: A crate was unloaded, but the truck still has more crates to unload.
Unload Time: 450, Trucker: Scott 'Miles Away' Hill, Company: Rocky Mountain Carriers, ID Num: C2, Price of Crate: 479, Scenario: A crate was unloaded, but the truck still has more crates to unload.
Unload Time: 450, Trucker: Rachel 'Gearshift Gladiator' Davis, Company: Interstate Logistics, ID Num: C2, Price of Crate: 451, Scenario: A crate was unloaded, but the truck still has more crates to unload.
Unload Time: 450, Trucker: Erin 'Diesel Duchess' Jackson, Company: Big Sky Express, ID Num: C3, Price of Crate: 151, Scenario: A crate was unloaded, but the truck still has more crates to unload.
Unload Time: 450, Trucker: Emily 'Tanker Trailblazer' Hall, Company: Green Line Express, ID Num: C0, Price of Crate: 139, Scenario: A crate was unloaded, and the truck was sent off.
Unload Time: 450, Trucker: Ron 'Freeway Firebrand' Bennett, Company: Cargo Masters Inc., ID Num: C3, Price of Crate: 313, Scenario: A crate was unloaded, but the truck still has more crates to unload.
Unload Time: 450, Trucker: Brad 'Long Hauler' Evans, Company: Sunset Transport Systems, ID Num: C0, Price of Crate: 210, Scenario: A crate was unloaded, and the truck was sent off.
Unload Time: 460, Trucker: Kim 'Highway Queen' Brown, Company: Rocky Mountain Carriers, ID Num: C2, Price of Crate: 288, Scenario: A crate was unloaded, but the truck still has more crates to unload.
Unload Time: 460, Trucker: Rachel 'Rapid Relay' Mitchell, Company: Swift Roadways Ltd., ID Num: C3, Price of Crate: 374, Scenario: A crate was unloaded, but the truck still has more crates to unload.
Unload Time: 460, Trucker: Patrick 'Road Rambler' Stewart, Company: Redwood Trucking Group, ID Num: C0, Price of Crate: 52, Scenario: A crate was unloaded, and the truck was sent off.
Unload Time: 460, Trucker: David 'Trucker Trekker' Anderson, Company: Interstate Logistics, ID Num: C0, Price of Crate: 78, Scenario: A crate was unloaded, and the truck was sent off.
Unload Time: 460, Trucker: Scott 'Miles Away' Hill, Company: Rocky Mountain Carriers, ID Num: C1, Price of Crate: 373, Scenario: A crate was unloaded, but the truck still has more crates to unload.
Unload Time: 460, Trucker: Rachel 'Gearshift Gladiator' Davis, Company: Interstate Logistics, ID Num: C1, Price of Crate: 56, Scenario: A crate was unloaded, but the truck still has more crates to unload.
Unload Time: 460, Trucker: Erin 'Diesel Duchess' Jackson, Company: Big Sky Express, ID Num: C2, Price of Crate: 422, Scenario: A crate was unloaded, but the truck still has more crates to unload.
Unload Time: 460, Trucker: Ron 'Freeway Firebrand' Bennett, Company: Cargo Masters Inc., ID Num: C2, Price of Crate: 141, Scenario: A crate was unloaded, but the truck still has more crates to unload.
Unload Time: 460, Trucker: Dave 'Cargo Cruiser' Williams, Company: Interstate Logistics, ID Num: C4, Price of Crate: 253, Scenario: A crate was unloaded, but the truck still has more crates to unload.
Unload Time: 470, Trucker: Dana 'Mile Marker' Sanchez, Company: Freedom Truck Lines, ID Num: C2, Price of Crate: 315, Scenario: A crate was unloaded, but the truck still has more crates to unload.
Unload Time: 470, Trucker: Kim 'Highway Queen' Brown, Company: Rocky Mountain Carriers, ID Num: C1, Price of Crate: 454, Scenario: A crate was unloaded, but the truck still has more crates to unload.
Unload Time: 470, Trucker: Rachel 'Rapid Relay' Mitchell, Company: Swift Roadways Ltd., ID Num: C2, Price of Crate: 461, Scenario: A crate was unloaded, but the truck still has more crates to unload.
Unload Time: 470, Trucker: Scott 'Miles Away' Hill, Company: Rocky Mountain Carriers, ID Num: C0, Price of Crate: 209, Scenario: A crate was unloaded, and the truck was sent off.
Unload Time: 470, Trucker: Rachel 'Gearshift Gladiator' Davis, Company: Interstate Logistics, ID Num: C0, Price of Crate: 85, Scenario: A crate was unloaded, and the truck was sent off.
Unload Time: 470, Trucker: Erin 'Diesel Duchess' Jackson, Company: Big Sky Express, ID Num: C1, Price of Crate: 484, Scenario: A crate was unloaded, but the truck still has more crates to unload.
Unload Time: 470, Trucker: Brad 'Highway Harmony' Lewis, Company: Speedy Freight Express, ID Num: C4, Price of Crate: 217, Scenario: A crate was unloaded, but the truck still has more crates to unload.
Unload Time: 470, Trucker: Ron 'Freeway Firebrand' Bennett, Company: Cargo Masters Inc., ID Num: C1, Price of Crate: 55, Scenario: A crate was unloaded, but the truck still has more crates to unload.
Unload Time: 470, Trucker: Lauren 'Cargo Queen' Turner, Company: Trucker's Choice Transport, ID Num: C3, Price of Crate: 228, Scenario: A crate was unloaded, but the truck still has more crates to unload.
Unload Time: 470, Trucker: Dave 'Cargo Cruiser' Williams, Company: Interstate Logistics, ID Num: C3, Price of Crate: 149, Scenario: A crate was unloaded, but the truck still has more crates to unload.
Unload Time: 480, Trucker: Dana 'Mile Marker' Sanchez, Company: Freedom Truck Lines, ID Num: C1, Price of Crate: 118, Scenario: A crate was unloaded, but the truck still has more crates to unload.
Unload Time: 480, Trucker: Kim 'Highway Queen' Brown, Company: Rocky Mountain Carriers, ID Num: C0, Price of Crate: 79, Scenario: A crate was unloaded, and the truck was sent off.
Unload Time: 480, Trucker: Rachel 'Rapid Relay' Mitchell, Company: Swift Roadways Ltd., ID Num: C1, Price of Crate: 274, Scenario: A crate was unloaded, but the truck still has more crates to unload.
Unload Time: 480, Trucker: Brian 'Truckin' Titan' Morris, Company: Thunderstruck Transports, ID Num: C4, Price of Crate: 186, Scenario: A crate was unloaded, but the truck still has more crates to unload.
Unload Time: 480, Trucker: Erin 'Diesel Duchess' Jackson, Company: Big Sky Express, ID Num: C0, Price of Crate: 281, Scenario: A crate was unloaded, and the truck was sent off.
Unload Time: 480, Trucker: Brad 'Highway Harmony' Lewis, Company: Speedy Freight Express, ID Num: C3, Price of Crate: 345, Scenario: A crate was unloaded, but the truck still has more crates to unload.
Unload Time: 480, Trucker: Ron 'Freeway Firebrand' Bennett, Company: Cargo Masters Inc., ID Num: C0, Price of Crate: 498, Scenario: A crate was unloaded, and the truck was sent off.
Unload Time: 480, Trucker: Lauren 'Cargo Queen' Turner, Company: Trucker's Choice Transport, ID Num: C2, Price of Crate: 243, Scenario: A crate was unloaded, but the truck still has more crates to unload.
Unload Time: 480, Trucker: Dave 'Cargo Cruiser' Williams, Company: Interstate Logistics, ID Num: C2, Price of Crate: 81, Scenario: A crate was unloaded, but the truck still has more crates to unload.

Trucks that were not unloaded before closing:
Dana 'Mile Marker' Sanchez's truck.
Rachel 'Rapid Relay' Mitchell's truck.
Brian 'Truckin' Titan' Morris's truck.
Amy 'Breeze Rider' Hill's truck.
Brad 'Highway Harmony' Lewis's truck.
Lauren 'Cargo Queen' Turner's truck.
Dave 'Cargo Cruiser' Williams's truck.

Total number of docks: 12

Longest line at an entrance: 13

Total number of trucks: 141

Number of crates unloaded: 432

Total value of crates unloaded: $115558

Average value of the crates: $267

Average value of the trucks: $820

Total time in use: 
Dock 1: 380
Dock 2: 380
Dock 3: 360
Dock 4: 400
Dock 5: 340
Dock 6: 370
Dock 7: 330
Dock 8: 350
Dock 9: 350
Dock 10: 380
Dock 11: 320
Dock 12: 360

Total time not in use: 
Dock 1: 100
Dock 2: 100
Dock 3: 120
Dock 4: 80
Dock 5: 140
Dock 6: 110
Dock 7: 150
Dock 8: 130
Dock 9: 130
Dock 10: 100
Dock 11: 160
Dock 12: 120

Cost for operating each dock: 
Dock 1: $3800
Dock 2: $3800
Dock 3: $3600
Dock 4: $4000
Dock 5: $3400
Dock 6: $3700
Dock 7: $3300
Dock 8: $3500
Dock 9: $3500
Dock 10: $3800
Dock 11: $3200
Dock 12: $3600

Revenue for each dock: 
Dock 1: $10663
Dock 2: $9043
Dock 3: $9881
Dock 4: $9210
Dock 5: $8792
Dock 6: $8293
Dock 7: $9121
Dock 8: $9184
Dock 9: $9615
Dock 10: $9696
Dock 11: $9012
Dock 12: $7623

Warehouse revenue: $72358
