Unload Time: 0, Trucker: Jenny 'Road Racer' Adams, Company: Golden Wheel Carriers, ID Num: C0, Price of Crate: 120, Scenario: A crate was unloaded, and the truck was sent off.
Unload Time: 0, Trucker: Maria 'Cargo Crusader' Rodriguez, Company: Highway Haulers Co., ID Num: C4, Price of Crate: 393, Scenario: A crate was unloaded, but the truck still has more crates to unload.
Unload Time: 0, Trucker: John 'Truckin' Titan' Young, Company: Highway Haulers Co., ID Num: C1, Price of Crate: 314, Scenario: A crate was unloaded, but the truck still has more crates to unload.
Unload Time: 0, Trucker: Dana 'Mile Marker' Sanchez, Company: Pioneer Trucking Solutions, ID Num: C1, Price of Crate: 125, Scenario: A crate was unloaded, but the truck still has more crates to unload.
Unload Time: 0, Trucker: Amanda 'Steel Thunder' Robinson, Company: Big Sky Express, ID Num: C1, Price of Crate: 420, Scenario: A crate was unloaded, but the truck still has more crates to unload.
Unload Time: 10, Trucker: Vanessa 'Rolling Thunder' Wright, Company: Eagle Transport Services, ID Num: C2, Price of Crate: 281, Scenario: A new truck entered the dock, and a crate was unloaded.
Unload Time: 10, Trucker: Maria 'Cargo Crusader' Rodriguez, Company: Highway Haulers Co., ID Num: C3, Price of Crate: 210, Scenario: A crate was unloaded, but the truck still has more crates to unload.
Unload Time: 10, Trucker: John 'Truckin' Titan' Young, Company: Highway Haulers Co., ID Num: C0, Price of Crate: 116, Scenario: A crate was unloaded, and the truck was sent off.
Unload Time: 10, Trucker: Dana 'Mile Marker' Sanchez, Company: Pioneer Trucking Solutions, ID Num: C0, Price of Crate: 177, Scenario: A crate was unloaded, and the truck was sent off.
Unload Time: 10, Trucker: Amanda 'Steel Thunder' Robinson, Company: Big Sky Express, ID Num: C0, Price of Crate: 278, Scenario: A crate was unloaded, and the truck was sent off.
Unload Time: 20, Trucker: Vanessa 'Rolling Thunder' Wright, Company: Eagle Transport Services, ID Num: C1, Price of Crate: 123, Scenario: A crate was unloaded, but the truck still has more crates to unload.
Unload Time: 20, Trucker: Maria 'Cargo Crusader' Rodriguez, Company: Highway Haulers Co., ID Num: C2, Price of Crate: 70, Scenario: A crate was unloaded, but the truck still has more crates to unload.
Unload Time: 20, Trucker: Maria 'Cargo Crusader' Rodriguez, Company: Trucker's Choice Transport, ID Num: C4, Price of Crate: 444, Scenario: A new truck entered the dock, and a crate was unloaded.
Unload Time: 20, Trucker: Patrick 'Road Rambler' Stewart, Company: Rocky Mountain Carriers, ID Num: C4, Price of Crate: 311, Scenario: A new truck entered the dock, and a crate was unloaded.
Unload Time: 20, Trucker: Brad 'Long Hauler' Evans, Company: Freedom Truck Lines, ID Num: C2, Price of Crate: 148, Scenario: A new truck entered the dock, and a crate was unloaded.
Unload Time: 30, Trucker: Vanessa 'Rolling Thunder' Wright, Company: Eagle Transport Services, ID Num: C0, Price of Crate: 489, Scenario: A crate was unloaded, and the truck was sent off.
Unload Time: 30, Trucker: Maria 'Cargo Crusader' Rodriguez, Company: Highway Haulers Co., ID Num: C1, Price of Crate: 294, Scenario: A crate was unloaded, but the truck still has more crates to unload.
Unload Time: 30, Trucker: Maria 'Cargo Crusader' Rodriguez, Company: Trucker's Choice Transport, ID Num: C3, Price of Crate: 432, Scenario: A crate was unloaded, but the truck still has more crates to unload.
Unload Time: 30, Trucker: Patrick 'Road Rambler' Stewart, Company: Rocky Mountain Carriers, ID Num: C3, Price of Crate: 278, Scenario: A crate was unloaded, but the truck still has more crates to unload.
Unload Time: 30, Trucker: Brad 'Long Hauler' Evans, Company: Freedom Truck Lines, ID Num: C1, Price of Crate: 298, Scenario: A crate was unloaded, but the truck still has more crates to unload.
Unload Time: 40, Trucker: Angela 'Mud Flap Maven' Thomas, Company: Rocky Mountain Carriers, ID Num: C4, Price of Crate: 72, Scenario: A new truck entered the dock, and a crate was unloaded.
Unload Time: 40, Trucker: Maria 'Cargo Crusader' Rodriguez, Company: Highway Haulers Co., ID Num: C0, Price of Crate: 383, Scenario: A crate was unloaded, and the truck was sent off.
Unload Time: 40, Trucker: Maria 'Cargo Crusader' Rodriguez, Company: Trucker's Choice Transport, ID Num: C2, Price of Crate: 149, Scenario: A crate was unloaded, but the truck still has more crates to unload.
Unload Time: 40, Trucker: Patrick 'Road Rambler' Stewart, Company: Rocky Mountain Carriers, ID Num: C2, Price of Crate: 421, Scenario: A crate was unloaded, but the truck still has more crates to unload.
Unload Time: 40, Trucker: Brad 'Long Hauler' Evans, Company: Freedom Truck Lines, ID Num: C0, Price of Crate: 211, Scenario: A crate was unloaded, and the truck was sent off.
Unload Time: 50, Trucker: Angela 'Mud Flap Maven' Thomas, Company: Rocky Mountain Carriers, ID Num: C3, Price of Crate: 456, Scenario: A crate was unloaded, but the truck still has more crates to unload.
Unload Time: 50, Trucker: Sandy 'Trucker Trailblazer' Price, Company: Highway Haulers Co., ID Num: C5, Price of Crate: 387, Scenario: A new truck entered the dock, and a crate was unloaded.
Unload Time: 50, Trucker: Maria 'Cargo Crusader' Rodriguez, Company: Trucker's Choice Transport, ID Num: C1, Price of Crate: 241, Scenario: A crate was unloaded, but the truck still has more crates to unload.
Unload Time: 50, Trucker: Patrick 'Road Rambler' Stewart, Company: Rocky Mountain Carriers, ID Num: C1, Price of Crate: 141, Scenario: A crate was unloaded, but the truck still has more crates to unload.
Unload Time: 50, Trucker: Chris 'Haulin' Hope' Martinez, Company: Big Sky Express, ID Num: C1, Price of Crate: 324, Scenario: A new truck entered the dock, and a crate was unloaded.
Unload Time: 60, Trucker: Angela 'Mud Flap Maven' Thomas, Company: Rocky Mountain Carriers, ID Num: C2, Price of Crate: 487, Scenario: A crate was unloaded, but the truck still has more crates to unload.
Unload Time: 60, Trucker: Sandy 'Trucker Trailblazer' Price, Company: Highway Haulers Co., ID Num: C4, Price of Crate: 120, Scenario: A crate was unloaded, but the truck still has more crates to unload.
Unload Time: 60, Trucker: Maria 'Cargo Crusader' Rodriguez, Company: Trucker's Choice Transport, ID Num: C0, Price of Crate: 127, Scenario: A crate was unloaded, and the truck was sent off.
Unload Time: 60, Trucker: Patrick 'Road Rambler' Stewart, Company: Rocky Mountain Carriers, ID Num: C0, Price of Crate: 270, Scenario: A crate was unloaded, and the truck was sent off.
Unload Time: 60, Trucker: Chris 'Haulin' Hope' Martinez, Company: Big Sky Express, ID Num: C0, Price of Crate: 327, Scenario: A crate was unloaded, and the truck was sent off.
Unload Time: 70, Trucker: Angela 'Mud Flap Maven' Thomas, Company: Rocky Mountain Carriers, ID Num: C1, Price of Crate: 133, Scenario: A crate was unloaded, but the truck still has more crates to unload.
Unload Time: 70, Trucker: Sandy 'Trucker Trailblazer' Price, Company: Highway Haulers Co., ID Num: C3, Price of Crate: 476, Scenario: A crate was unloaded, but the truck still has more crates to unload.
Unload Time: 70, Trucker: John 'Diesel Dynamo' Bennett, Company: Rocky Mountain Carriers, ID Num: C2, Price of Crate: 500, Scenario: A new truck entered the dock, and a crate was unloaded.
Unload Time: 70, Trucker: Jessica 'The Truckin' Trooper' Lewis, Company: Yellow Ribbon Logistics, ID Num: C4, Price of Crate: 467, Scenario: A new truck entered the dock, and a crate was unloaded.
Unload Time: 70, Trucker: Kim 'Highway Queen' Brown, Company: Starlight Freight Services, ID Num: C3, Price of Crate: 446, Scenario: A new truck entered the dock, and a crate was unloaded.
Unload Time: 80, Trucker: Angela 'Mud Flap Maven' Thomas, Company: Rocky Mountain Carriers, ID Num: C0, Price of Crate: 127, Scenario: A crate was unloaded, and the truck was sent off.
Unload Time: 80, Trucker: Sandy 'Trucker Trailblazer' Price, Company: Highway Haulers Co., ID Num: C2, Price of Crate: 237, Scenario: A crate was unloaded, but the truck still has more crates to unload.
Unload Time: 80, Trucker: John 'Diesel Dynamo' Bennett, Company: Rocky Mountain Carriers, ID Num: C1, Price of Crate: 84, Scenario: A crate was unloaded, but the truck still has more crates to unload.
Unload Time: 80, Trucker: Jessica 'The Truckin' Trooper' Lewis, Company: Yellow Ribbon Logistics, ID Num: C3, Price of Crate: 219, Scenario: A crate was unloaded, but the truck still has more crates to unload.
Unload Time: 80, Trucker: Kim 'Highway Queen' Brown, Company: Starlight Freight Services, ID Num: C2, Price of Crate: 332, Scenario: A crate was unloaded, but the truck still has more crates to unload.
Unload Time: 90, Trucker: Emily 'Rig Runner' Taylor, Company: Pioneer Trucking Solutions, ID Num: C4, Price of Crate: 314, Scenario: A new truck entered the dock, and a crate was unloaded.
Unload Time: 90, Trucker: Sandy 'Trucker Trailblazer' Price, Company: Highway Haulers Co., ID Num: C1, Price of Crate: 413, Scenario: A crate was unloaded, but the truck still has more crates to unload.
Unload Time: 90, Trucker: John 'Diesel Dynamo' Bennett, Company: Rocky Mountain Carriers, ID Num: C0, Price of Crate: 373, Scenario: A crate was unloaded, and the truck was sent off.
Unload Time: 90, Trucker: Jessica 'The Truckin' Trooper' Lewis, Company: Yellow Ribbon Logistics, ID Num: C2, Price of Crate: 458, Scenario: A crate was unloaded, but the truck still has more crates to unload.
Unload Time: 90, Trucker: Kim 'Highway Queen' Brown, Company: Starlight Freight Services, ID Num: C1, Price of Crate: 52, Scenario: A crate was unloaded, but the truck still has more crates to unload.
Unload Time: 100, Trucker: Emily 'Rig Runner' Taylor, Company: Pioneer Trucking Solutions, ID Num: C3, Price of Crate: 424, Scenario: A crate was unloaded, but the truck still has more crates to unload.
Unload Time: 100, Trucker: Sandy 'Trucker Trailblazer' Price, Company: Highway Haulers Co., ID Num: C0, Price of Crate: 319, Scenario: A crate was unloaded, and the truck was sent off.
Unload Time: 100, Trucker: Michelle 'Storm Chaser' Cooper, Company: Patriot Road Warriors, ID Num: C2, Price of Crate: 355, Scenario: A new truck entered the dock, and a crate was unloaded.
Unload Time: 100, Trucker: Jessica 'The Truckin' Trooper' Lewis, Company: Yellow Ribbon Logistics, ID Num: C1, Price of Crate: 163, Scenario: A crate was unloaded, but the truck still has more crates to unload.
Unload Time: 100, Trucker: Kim 'Highway Queen' Brown, Company: Starlight Freight Services, ID Num: C0, Price of Crate: 477, Scenario: A crate was unloaded, and the truck was sent off.
Unload Time: 110, Trucker: Emily 'Rig Runner' Taylor, Company: Pioneer Trucking Solutions, ID Num: C2, Price of Crate: 336, Scenario: A crate was unloaded, but the truck still has more crates to unload.
Unload Time: 110, Trucker: Todd 'Truckin' Troubadour' Taylor, Company: Highway Haulers Co., ID Num: C4, Price of Crate: 175, Scenario: A new truck entered the dock, and a crate was unloaded.
Unload Time: 110, Trucker: Michelle 'Storm Chaser' Cooper, Company: Patriot Road Warriors, ID Num: C1, Price of Crate: 360, Scenario: A crate was unloaded, but the truck still has more crates to unload.
Unload Time: 110, Trucker: Jessica 'The Truckin' Trooper' Lewis, Company: Yellow Ribbon Logistics, ID Num: C0, Price of Crate: 219, Scenario: A crate was unloaded, and the truck was sent off.
Unload Time: 110, Trucker: Brian 'Hauling Hope' Reed, Company: Big Sky Express, ID Num: C4, Price of Crate: 164, Scenario: A new truck entered the dock, and a crate was unloaded.
Unload Time: 120, Trucker: Emily 'Rig Runner' Taylor, Company: Pioneer Trucking Solutions, ID Num: C1, Price of Crate: 180, Scenario: A crate was unloaded, but the truck still has more crates to unload.
Unload Time: 120, Trucker: Todd 'Truckin' Troubadour' Taylor, Company: Highway Haulers Co., ID Num: C3, Price of Crate: 355, Scenario: A crate was unloaded, but the truck still has more crates to unload.
Unload Time: 120, Trucker: Michelle 'Storm Chaser' Cooper, Company: Patriot Road Warriors, ID Num: C0, Price of Crate: 184, Scenario: A crate was unloaded, and the truck was sent off.
Unload Time: 120, Trucker: Chris 'Thunderstruck' Martin, Company: Thunderstruck Transports, ID Num: C3, Price of Crate: 108, Scenario: A new truck entered the dock, and a crate was unloaded.
Unload Time: 120, Trucker: Brian 'Hauling Hope' Reed, Company: Big Sky Express, ID Num: C3, Price of Crate: 377, Scenario: A crate was unloaded, but the truck still has more crates to unload.
Unload Time: 130, Trucker: Emily 'Rig Runner' Taylor, Company: Pioneer Trucking Solutions, ID Num: C0, Price of Crate: 190, Scenario: A crate was unloaded, and the truck was sent off.
Unload Time: 130, Trucker: Todd 'Truckin' Troubadour' Taylor, Company: Highway Haulers Co., ID Num: C2, Price of Crate: 457, Scenario: A crate was unloaded, but the truck still has more crates to unload.
Unload Time: 130, Trucker: Brian 'Hauling Hope' Reed, Company: Eagle Transport Services, ID Num: C2, Price of Crate: 489, Scenario: A new truck entered the dock, and a crate was unloaded.
Unload Time: 130, Trucker: Chris 'Thunderstruck' Martin, Company: Thunderstruck Transports, ID Num: C2, Price of Crate: 441, Scenario: A crate was unloaded, but the truck still has more crates to unload.
Unload Time: 130, Trucker: Brian 'Hauling Hope' Reed, Company: Big Sky Express, ID Num: C2, Price of Crate: 137, Scenario: A crate was unloaded, but the truck still has more crates to unload.
Unload Time: 140, Trucker: Olivia 'Speedy Delivery' Young, Company: Blue Horizon Transports, ID Num: C5, Price of Crate: 386, Scenario: A new truck entered the dock, and a crate was unloaded.
Unload Time: 140, Trucker: Todd 'Truckin' Troubadour' Taylor, Company: Highway Haulers Co., ID Num: C1, Price of Crate: 147, Scenario: A crate was unloaded, but the truck still has more crates to unload.
Unload Time: 140, Trucker: Brian 'Hauling Hope' Reed, Company: Eagle Transport Services, ID Num: C1, Price of Crate: 104, Scenario: A crate was unloaded, but the truck still has more crates to unload.
Unload Time: 140, Trucker: Chris 'Thunderstruck' Martin, Company: Thunderstruck Transports, ID Num: C1, Price of Crate: 408, Scenario: A crate was unloaded, but the truck still has more crates to unload.
Unload Time: 140, Trucker: Brian 'Hauling Hope' Reed, Company: Big Sky Express, ID Num: C1, Price of Crate: 448, Scenario: A crate was unloaded, but the truck still has more crates to unload.
Unload Time: 150, Trucker: Olivia 'Speedy Delivery' Young, Company: Blue Horizon Transports, ID Num: C4, Price of Crate: 324, Scenario: A crate was unloaded, but the truck still has more crates to unload.
Unload Time: 150, Trucker: Todd 'Truckin' Troubadour' Taylor, Company: Highway Haulers Co., ID Num: C0, Price of Crate: 85, Scenario: A crate was unloaded, and the truck was sent off.
Unload Time: 150, Trucker: Brian 'Hauling Hope' Reed, Company: Eagle Transport Services, ID Num: C0, Price of Crate: 492, Scenario: A crate was unloaded, and the truck was sent off.
Unload Time: 150, Trucker: Chris 'Thunderstruck' Martin, Company: Thunderstruck Transports, ID Num: C0, Price of Crate: 124, Scenario: A crate was unloaded, and the truck was sent off.
Unload Time: 150, Trucker: Brian 'Hauling Hope' Reed, Company: Big Sky Express, ID Num: C0, Price of Crate: 206, Scenario: A crate was unloaded, and the truck was sent off.
Unload Time: 160, Trucker: Olivia 'Speedy Delivery' Young, Company: Blue Horizon Transports, ID Num: C3, Price of Crate: 419, Scenario: A crate was unloaded, but the truck still has more crates to unload.
Unload Time: 160, Trucker: Wendy 'High Beam' Turner, Company: Starlight Freight Services, ID Num: C2, Price of Crate: 315, Scenario: A new truck entered the dock, and a crate was unloaded.
Unload Time: 160, Trucker: Frank 'Trucker Tornado' Davis, Company: American Freightways, ID Num: C1, Price of Crate: 478, Scenario: A new truck entered the dock, and a crate was unloaded.
Unload Time: 160, Trucker: Rachel 'Steel Thunder' Mitchell, Company: Patriot Road Warriors, ID Num: C2, Price of Crate: 331, Scenario: A new truck entered the dock, and a crate was unloaded.
Unload Time: 160, Trucker: Todd 'Truckin' Troubadour' Taylor, Company: Eagle Transport Services, ID Num: C3, Price of Crate: 378, Scenario: A new truck entered the dock, and a crate was unloaded.
Unload Time: 170, Trucker: Olivia 'Speedy Delivery' Young, Company: Blue Horizon Transports, ID Num: C2, Price of Crate: 161, Scenario: A crate was unloaded, but the truck still has more crates to unload.
Unload Time: 170, Trucker: Wendy 'High Beam' Turner, Company: Starlight Freight Services, ID Num: C1, Price of Crate: 257, Scenario: A crate was unloaded, but the truck still has more crates to unload.
Unload Time: 170, Trucker: Frank 'Trucker Tornado' Davis, Company: American Freightways, ID Num: C0, Price of Crate: 338, Scenario: A crate was unloaded, and the truck was sent off.
Unload Time: 170, Trucker: Rachel 'Steel Thunder' Mitchell, Company: Patriot Road Warriors, ID Num: C1, Price of Crate: 126, Scenario: A crate was unloaded, but the truck still has more crates to unload.
Unload Time: 170, Trucker: Todd 'Truckin' Troubadour' Taylor, Company: Eagle Transport Services, ID Num: C2, Price of Crate: 155, Scenario: A crate was unloaded, but the truck still has more crates to unload.
Unload Time: 180, Trucker: Olivia 'Speedy Delivery' Young, Company: Blue Horizon Transports, ID Num: C1, Price of Crate: 417, Scenario: A crate was unloaded, but the truck still has more crates to unload.
Unload Time: 180, Trucker: Wendy 'High Beam' Turner, Company: Starlight Freight Services, ID Num: C0, Price of Crate: 278, Scenario: A crate was unloaded, and the truck was sent off.
Unload Time: 180, Trucker: Angela 'Mud Flap Maven' Thomas, Company: Windy City Carriers, ID Num: C3, Price of Crate: 323, Scenario: A new truck entered the dock, and a crate was unloaded.
Unload Time: 180, Trucker: Rachel 'Steel Thunder' Mitchell, Company: Patriot Road Warriors, ID Num: C0, Price of Crate: 452, Scenario: A crate was unloaded, and the truck was sent off.
Unload Time: 180, Trucker: Todd 'Truckin' Troubadour' Taylor, Company: Eagle Transport Services, ID Num: C1, Price of Crate: 437, Scenario: A crate was unloaded, but the truck still has more crates to unload.
Unload Time: 190, Trucker: Olivia 'Speedy Delivery' Young, Company: Blue Horizon Transports, ID Num: C0, Price of Crate: 193, Scenario: A crate was unloaded, and the truck was sent off.
Unload Time: 190, Trucker: Rachel 'Rapid Relay' Mitchell, Company: High Gear Transport, ID Num: C3, Price of Crate: 426, Scenario: A new truck entered the dock, and a crate was unloaded.
Unload Time: 190, Trucker: Angela 'Mud Flap Maven' Thomas, Company: Windy City Carriers, ID Num: C2, Price of Crate: 453, Scenario: A crate was unloaded, but the truck still has more crates to unload.
Unload Time: 190, Trucker: Scott 'Miles Away' Hill, Company: Silver Arrow Shipping, ID Num: C2, Price of Crate: 67, Scenario: A new truck entered the dock, and a crate was unloaded.
Unload Time: 190, Trucker: Todd 'Truckin' Troubadour' Taylor, Company: Eagle Transport Services, ID Num: C0, Price of Crate: 349, Scenario: A crate was unloaded, and the truck was sent off.
Unload Time: 200, Trucker: Nicole 'Asphalt Angel' Green, Company: Sunset Transport Systems, ID Num: C3, Price of Crate: 90, Scenario: A new truck entered the dock, and a crate was unloaded.
Unload Time: 200, Trucker: Rachel 'Rapid Relay' Mitchell, Company: High Gear Transport, ID Num: C2, Price of Crate: 445, Scenario: A crate was unloaded, but the truck still has more crates to unload.
Unload Time: 200, Trucker: Angela 'Mud Flap Maven' Thomas, Company: Windy City Carriers, ID Num: C1, Price of Crate: 446, Scenario: A crate was unloaded, but the truck still has more crates to unload.
Unload Time: 200, Trucker: Scott 'Miles Away' Hill, Company: Silver Arrow Shipping, ID Num: C1, Price of Crate: 251, Scenario: A crate was unloaded, but the truck still has more crates to unload.
Unload Time: 200, Trucker: David 'Trucker Trekker' Anderson, Company: Thunderstruck Transports, ID Num: C3, Price of Crate: 464, Scenario: A new truck entered the dock, and a crate was unloaded.
Unload Time: 210, Trucker: Nicole 'Asphalt Angel' Green, Company: Sunset Transport Systems, ID Num: C2, Price of Crate: 281, Scenario: A crate was unloaded, but the truck still has more crates to unload.
Unload Time: 210, Trucker: Rachel 'Rapid Relay' Mitchell, Company: High Gear Transport, ID Num: C1, Price of Crate: 211, Scenario: A crate was unloaded, but the truck still has more crates to unload.
Unload Time: 210, Trucker: Angela 'Mud Flap Maven' Thomas, Company: Windy City Carriers, ID Num: C0, Price of Crate: 84, Scenario: A crate was unloaded, and the truck was sent off.
Unload Time: 210, Trucker: Scott 'Miles Away' Hill, Company: Silver Arrow Shipping, ID Num: C0, Price of Crate: 368, Scenario: A crate was unloaded, and the truck was sent off.
Unload Time: 210, Trucker: David 'Trucker Trekker' Anderson, Company: Thunderstruck Transports, ID Num: C2, Price of Crate: 275, Scenario: A crate was unloaded, but the truck still has more crates to unload.
Unload Time: 220, Trucker: Nicole 'Asphalt Angel' Green, Company: Sunset Transport Systems, ID Num: C1, Price of Crate: 111, Scenario: A crate was unloaded, but the truck still has more crates to unload.
Unload Time: 220, Trucker: Rachel 'Rapid Relay' Mitchell, Company: High Gear Transport, ID Num: C0, Price of Crate: 209, Scenario: A crate was unloaded, and the truck was sent off.
Unload Time: 220, Trucker: Brad 'Highway Harmony' Lewis, Company: Speedy Freight Express, ID Num: C1, Price of Crate: 162, Scenario: A new truck entered the dock, and a crate was unloaded.
Unload Time: 220, Trucker: Lauren 'Cargo Queen' Turner, Company: Rocky Mountain Carriers, ID Num: C4, Price of Crate: 118, Scenario: A new truck entered the dock, and a crate was unloaded.
Unload Time: 220, Trucker: David 'Trucker Trekker' Anderson, Company: Thunderstruck Transports, ID Num: C1, Price of Crate: 311, Scenario: A crate was unloaded, but the truck still has more crates to unload.
Unload Time: 230, Trucker: Nicole 'Asphalt Angel' Green, Company: Sunset Transport Systems, ID Num: C0, Price of Crate: 189, Scenario: A crate was unloaded, and the truck was sent off.
Unload Time: 230, Trucker: Kelly 'Highway Hawk' Hernandez, Company: Redwood Trucking Group, ID Num: C3, Price of Crate: 382, Scenario: A new truck entered the dock, and a crate was unloaded.
Unload Time: 230, Trucker: Brad 'Highway Harmony' Lewis, Company: Speedy Freight Express, ID Num: C0, Price of Crate: 229, Scenario: A crate was unloaded, and the truck was sent off.
Unload Time: 230, Trucker: Lauren 'Cargo Queen' Turner, Company: Rocky Mountain Carriers, ID Num: C3, Price of Crate: 141, Scenario: A crate was unloaded, but the truck still has more crates to unload.
Unload Time: 230, Trucker: David 'Trucker Trekker' Anderson, Company: Thunderstruck Transports, ID Num: C0, Price of Crate: 376, Scenario: A crate was unloaded, and the truck was sent off.
Unload Time: 240, Trucker: Michael 'Road Rescuer' Murphy, Company: Eagle Transport Services, ID Num: C1, Price of Crate: 256, Scenario: A new truck entered the dock, and a crate was unloaded.
Unload Time: 240, Trucker: Kelly 'Highway Hawk' Hernandez, Company: Redwood Trucking Group, ID Num: C2, Price of Crate: 91, Scenario: A crate was unloaded, but the truck still has more crates to unload.
Unload Time: 240, Trucker: Mark 'Gritty Gearshift' Mitchell, Company: Highway Haulers Co., ID Num: C1, Price of Crate: 176, Scenario: A new truck entered the dock, and a crate was unloaded.
Unload Time: 240, Trucker: Lauren 'Cargo Queen' Turner, Company: Rocky Mountain Carriers, ID Num: C2, Price of Crate: 256, Scenario: A crate was unloaded, but the truck still has more crates to unload.
Unload Time: 240, Trucker: Lisa 'Truckin' Tempest' Baker, Company: Sunrise Hauling Co., ID Num: C5, Price of Crate: 278, Scenario: A new truck entered the dock, and a crate was unloaded.
Unload Time: 250, Trucker: Michael 'Road Rescuer' Murphy, Company: Eagle Transport Services, ID Num: C0, Price of Crate: 458, Scenario: A crate was unloaded, and the truck was sent off.
Unload Time: 250, Trucker: Kelly 'Highway Hawk' Hernandez, Company: Redwood Trucking Group, ID Num: C1, Price of Crate: 198, Scenario: A crate was unloaded, but the truck still has more crates to unload.
Unload Time: 250, Trucker: Mark 'Gritty Gearshift' Mitchell, Company: Highway Haulers Co., ID Num: C0, Price of Crate: 305, Scenario: A crate was unloaded, and the truck was sent off.
Unload Time: 250, Trucker: Lauren 'Cargo Queen' Turner, Company: Rocky Mountain Carriers, ID Num: C1, Price of Crate: 63, Scenario: A crate was unloaded, but the truck still has more crates to unload.
Unload Time: 250, Trucker: Lisa 'Truckin' Tempest' Baker, Company: Sunrise Hauling Co., ID Num: C4, Price of Crate: 250, Scenario: A crate was unloaded, but the truck still has more crates to unload.
Unload Time: 260, Trucker: Alex 'Cargo Cruiser' Clark, Company: High Gear Transport, ID Num: C3, Price of Crate: 168, Scenario: A new truck entered the dock, and a crate was unloaded.
Unload Time: 260, Trucker: Kelly 'Highway Hawk' Hernandez, Company: Redwood Trucking Group, ID Num: C0, Price of Crate: 470, Scenario: A crate was unloaded, and the truck was sent off.
Unload Time: 260, Trucker: Lisa 'Road Rebel' Turner, Company: Highway Haulers Co., ID Num: C5, Price of Crate: 333, Scenario: A new truck entered the dock, and a crate was unloaded.
Unload Time: 260, Trucker: Lauren 'Cargo Queen' Turner, Company: Rocky Mountain Carriers, ID Num: C0, Price of Crate: 127, Scenario: A crate was unloaded, and the truck was sent off.
Unload Time: 260, Trucker: Lisa 'Truckin' Tempest' Baker, Company: Sunrise Hauling Co., ID Num: C3, Price of Crate: 69, Scenario: A crate was unloaded, but the truck still has more crates to unload.
Unload Time: 270, Trucker: Alex 'Cargo Cruiser' Clark, Company: High Gear Transport, ID Num: C2, Price of Crate: 492, Scenario: A crate was unloaded, but the truck still has more crates to unload.
Unload Time: 270, Trucker: Greg 'Gearshift Gladiator' Ross, Company: Cargo Masters Inc., ID Num: C3, Price of Crate: 168, Scenario: A new truck entered the dock, and a crate was unloaded.
Unload Time: 270, Trucker: Lisa 'Road Rebel' Turner, Company: Highway Haulers Co., ID Num: C4, Price of Crate: 171, Scenario: A crate was unloaded, but the truck still has more crates to unload.
Unload Time: 270, Trucker: Sarah 'Storm Surge' Gray, Company: Silver Arrow Shipping, ID Num: C1, Price of Crate: 80, Scenario: A new truck entered the dock, and a crate was unloaded.
Unload Time: 270, Trucker: Lisa 'Truckin' Tempest' Baker, Company: Sunrise Hauling Co., ID Num: C2, Price of Crate: 90, Scenario: A crate was unloaded, but the truck still has more crates to unload.
Unload Time: 280, Trucker: Alex 'Cargo Cruiser' Clark, Company: High Gear Transport, ID Num: C1, Price of Crate: 275, Scenario: A crate was unloaded, but the truck still has more crates to unload.
Unload Time: 280, Trucker: Greg 'Gearshift Gladiator' Ross, Company: Cargo Masters Inc., ID Num: C2, Price of Crate: 472, Scenario: A crate was unloaded, but the truck still has more crates to unload.
Unload Time: 280, Trucker: Lisa 'Road Rebel' Turner, Company: Highway Haulers Co., ID Num: C3, Price of Crate: 489, Scenario: A crate was unloaded, but the truck still has more crates to unload.
Unload Time: 280, Trucker: Sarah 'Storm Surge' Gray, Company: Silver Arrow Shipping, ID Num: C0, Price of Crate: 449, Scenario: A crate was unloaded, and the truck was sent off.
Unload Time: 280, Trucker: Lisa 'Truckin' Tempest' Baker, Company: Sunrise Hauling Co., ID Num: C1, Price of Crate: 431, Scenario: A crate was unloaded, but the truck still has more crates to unload.
Unload Time: 290, Trucker: Alex 'Cargo Cruiser' Clark, Company: High Gear Transport, ID Num: C0, Price of Crate: 325, Scenario: A crate was unloaded, and the truck was sent off.
Unload Time: 290, Trucker: Greg 'Gearshift Gladiator' Ross, Company: Cargo Masters Inc., ID Num: C1, Price of Crate: 143, Scenario: A crate was unloaded, but the truck still has more crates to unload.
Unload Time: 290, Trucker: Lisa 'Road Rebel' Turner, Company: Highway Haulers Co., ID Num: C2, Price of Crate: 442, Scenario: A crate was unloaded, but the truck still has more crates to unload.
Unload Time: 290, Trucker: Peter 'Trucker Trailmaster' Wright, Company: Thunderstruck Transports, ID Num: C5, Price of Crate: 103, Scenario: A new truck entered the dock, and a crate was unloaded.
Unload Time: 290, Trucker: Lisa 'Truckin' Tempest' Baker, Company: Sunrise Hauling Co., ID Num: C0, Price of Crate: 85, Scenario: A crate was unloaded, and the truck was sent off.
Unload Time: 300, Trucker: Michelle 'Miles Away' Anderson, Company: Silver Arrow Shipping, ID Num: C4, Price of Crate: 454, Scenario: A new truck entered the dock, and a crate was unloaded.
Unload Time: 300, Trucker: Greg 'Gearshift Gladiator' Ross, Company: Cargo Masters Inc., ID Num: C0, Price of Crate: 297, Scenario: A crate was unloaded, and the truck was sent off.
Unload Time: 300, Trucker: Lisa 'Road Rebel' Turner, Company: Highway Haulers Co., ID Num: C1, Price of Crate: 489, Scenario: A crate was unloaded, but the truck still has more crates to unload.
Unload Time: 300, Trucker: Peter 'Trucker Trailmaster' Wright, Company: Thunderstruck Transports, ID Num: C4, Price of Crate: 459, Scenario: A crate was unloaded, but the truck still has more crates to unload.
Unload Time: 300, Trucker: Brian 'Mile Marker Maverick' Fisher, Company: Blue Horizon Transports, ID Num: C5, Price of Crate: 249, Scenario: A new truck entered the dock, and a crate was unloaded.
Unload Time: 310, Trucker: Michelle 'Miles Away' Anderson, Company: Silver Arrow Shipping, ID Num: C3, Price of Crate: 498, Scenario: A crate was unloaded, but the truck still has more crates to unload.
Unload Time: 310, Trucker: Heather '18-Wheeler' Reed, Company: Cargo Masters Inc., ID Num: C2, Price of Crate: 343, Scenario: A new truck entered the dock, and a crate was unloaded.
Unload Time: 310, Trucker: Lisa 'Road Rebel' Turner, Company: Highway Haulers Co., ID Num: C0, Price of Crate: 186, Scenario: A crate was unloaded, and the truck was sent off.
Unload Time: 310, Trucker: Peter 'Trucker Trailmaster' Wright, Company: Thunderstruck Transports, ID Num: C3, Price of Crate: 299, Scenario: A crate was unloaded, but the truck still has more crates to unload.
Unload Time: 310, Trucker: Brian 'Mile Marker Maverick' Fisher, Company: Blue Horizon Transports, ID Num: C4, Price of Crate: 276, Scenario: A crate was unloaded, but the truck still has more crates to unload.
Unload Time: 320, Trucker: Michelle 'Miles Away' Anderson, Company: Silver Arrow Shipping, ID Num: C2, Price of Crate: 467, Scenario: A crate was unloaded, but the truck still has more crates to unload.
Unload Time: 320, Trucker: Heather '18-Wheeler' Reed, Company: Cargo Masters Inc., ID Num: C1, Price of Crate: 357, Scenario: A crate was unloaded, but the truck still has more crates to unload.
Unload Time: 320, Trucker: Carlos 'Cargo Commander' Foster, Company: Sunset Transport Systems, ID Num: C5, Price of Crate: 124, Scenario: A new truck entered the dock, and a crate was unloaded.
Unload Time: 320, Trucker: Peter 'Trucker Trailmaster' Wright, Company: Thunderstruck Transports, ID Num: C2, Price of Crate: 336, Scenario: A crate was unloaded, but the truck still has more crates to unload.
Unload Time: 320, Trucker: Brian 'Mile Marker Maverick' Fisher, Company: Blue Horizon Transports, ID Num: C3, Price of Crate: 51, Scenario: A crate was unloaded, but the truck still has more crates to unload.
Unload Time: 330, Trucker: Michelle 'Miles Away' Anderson, Company: Silver Arrow Shipping, ID Num: C1, Price of Crate: 475, Scenario: A crate was unloaded, but the truck still has more crates to unload.
Unload Time: 330, Trucker: Heather '18-Wheeler' Reed, Company: Cargo Masters Inc., ID Num: C0, Price of Crate: 99, Scenario: A crate was unloaded, and the truck was sent off.
Unload Time: 330, Trucker: Carlos 'Cargo Commander' Foster, Company: Sunset Transport Systems, ID Num: C4, Price of Crate: 53, Scenario: A crate was unloaded, but the truck still has more crates to unload.
Unload Time: 330, Trucker: Peter 'Trucker Trailmaster' Wright, Company: Thunderstruck Transports, ID Num: C1, Price of Crate: 227, Scenario: A crate was unloaded, but the truck still has more crates to unload.
Unload Time: 330, Trucker: Brian 'Mile Marker Maverick' Fisher, Company: Blue Horizon Transports, ID Num: C2, Price of Crate: 325, Scenario: A crate was unloaded, but the truck still has more crates to unload.
Unload Time: 340, Trucker: Michelle 'Miles Away' Anderson, Company: Silver Arrow Shipping, ID Num: C0, Price of Crate: 268, Scenario: A crate was unloaded, and the truck was sent off.
Unload Time: 340, Trucker: Emily 'Tanker Trailblazer' Hall, Company: Green Line Express, ID Num: C2, Price of Crate: 260, Scenario: A new truck entered the dock, and a crate was unloaded.
Unload Time: 340, Trucker: Carlos 'Cargo Commander' Foster, Company: Sunset Transport Systems, ID Num: C3, Price of Crate: 94, Scenario: A crate was unloaded, but the truck still has more crates to unload.
Unload Time: 340, Trucker: Peter 'Trucker Trailmaster' Wright, Company: Thunderstruck Transports, ID Num: C0, Price of Crate: 51, Scenario: A crate was unloaded, and the truck was sent off.
Unload Time: 340, Trucker: Brian 'Mile Marker Maverick' Fisher, Company: Blue Horizon Transports, ID Num: C1, Price of Crate: 83, Scenario: A crate was unloaded, but the truck still has more crates to unload.
Unload Time: 350, Trucker: James 'Highway Hawk' Johnson, Company: Highway Haulers Co., ID Num: C5, Price of Crate: 471, Scenario: A new truck entered the dock, and a crate was unloaded.
Unload Time: 350, Trucker: Emily 'Tanker Trailblazer' Hall, Company: Green Line Express, ID Num: C1, Price of Crate: 64, Scenario: A crate was unloaded, but the truck still has more crates to unload.
Unload Time: 350, Trucker: Carlos 'Cargo Commander' Foster, Company: Sunset Transport Systems, ID Num: C2, Price of Crate: 193, Scenario: A crate was unloaded, but the truck still has more crates to unload.
Unload Time: 350, Trucker: Andy 'Truckin' Tornado' Stewart, Company: Patriot Road Warriors, ID Num: C3, Price of Crate: 109, Scenario: A new truck entered the dock, and a crate was unloaded.
Unload Time: 350, Trucker: Brian 'Mile Marker Maverick' Fisher, Company: Blue Horizon Transports, ID Num: C0, Price of Crate: 194, Scenario: A crate was unloaded, and the truck was sent off.
Unload Time: 360, Trucker: James 'Highway Hawk' Johnson, Company: Highway Haulers Co., ID Num: C4, Price of Crate: 488, Scenario: A crate was unloaded, but the truck still has more crates to unload.
Unload Time: 360, Trucker: Emily 'Tanker Trailblazer' Hall, Company: Green Line Express, ID Num: C0, Price of Crate: 436, Scenario: A crate was unloaded, and the truck was sent off.
Unload Time: 360, Trucker: Carlos 'Cargo Commander' Foster, Company: Sunset Transport Systems, ID Num: C1, Price of Crate: 388, Scenario: A crate was unloaded, but the truck still has more crates to unload.
Unload Time: 360, Trucker: Andy 'Truckin' Tornado' Stewart, Company: Patriot Road Warriors, ID Num: C2, Price of Crate: 439, Scenario: A crate was unloaded, but the truck still has more crates to unload.
Unload Time: 360, Trucker: Brian 'Truckin' Titan' Morris, Company: Big Sky Express, ID Num: C1, Price of Crate: 452, Scenario: A new truck entered the dock, and a crate was unloaded.
Unload Time: 370, Trucker: James 'Highway Hawk' Johnson, Company: Highway Haulers Co., ID Num: C3, Price of Crate: 397, Scenario: A crate was unloaded, but the truck still has more crates to unload.
Unload Time: 370, Trucker: Scott 'Freeway Fury' Phillips, Company: High Gear Transport, ID Num: C4, Price of Crate: 497, Scenario: A new truck entered the dock, and a crate was unloaded.
Unload Time: 370, Trucker: Carlos 'Cargo Commander' Foster, Company: Sunset Transport Systems, ID Num: C0, Price of Crate: 387, Scenario: A crate was unloaded, and the truck was sent off.
Unload Time: 370, Trucker: Andy 'Truckin' Tornado' Stewart, Company: Patriot Road Warriors, ID Num: C1, Price of Crate: 55, Scenario: A crate was unloaded, but the truck still has more crates to unload.
Unload Time: 370, Trucker: Brian 'Truckin' Titan' Morris, Company: Big Sky Express, ID Num: C0, Price of Crate: 484, Scenario: A crate was unloaded, and the truck was sent off.
Unload Time: 380, Trucker: James 'Highway Hawk' Johnson, Company: Highway Haulers Co., ID Num: C2, Price of Crate: 226, Scenario: A crate was unloaded, but the truck still has more crates to unload.
Unload Time: 380, Trucker: Scott 'Freeway Fury' Phillips, Company: High Gear Transport, ID Num: C3, Price of Crate: 314, Scenario: A crate was unloaded, but the truck still has more crates to unload.
Unload Time: 380, Trucker: Heather '18-Wheeler' Reed, Company: American Freightways, ID Num: C1, Price of Crate: 329, Scenario: A new truck entered the dock, and a crate was unloaded.
Unload Time: 380, Trucker: Andy 'Truckin' Tornado' Stewart, Company: Patriot Road Warriors, ID Num: C0, Price of Crate: 127, Scenario: A crate was unloaded, and the truck was sent off.
Unload Time: 380, Trucker: Jim 'Big Load' Foster, Company: Big Sky Express, ID Num: C5, Price of Crate: 113, Scenario: A new truck entered the dock, and a crate was unloaded.
Unload Time: 390, Trucker: James 'Highway Hawk' Johnson, Company: Highway Haulers Co., ID Num: C1, Price of Crate: 92, Scenario: A crate was unloaded, but the truck still has more crates to unload.
Unload Time: 390, Trucker: Scott 'Freeway Fury' Phillips, Company: High Gear Transport, ID Num: C2, Price of Crate: 59, Scenario: A crate was unloaded, but the truck still has more crates to unload.
Unload Time: 390, Trucker: Heather '18-Wheeler' Reed, Company: American Freightways, ID Num: C0, Price of Crate: 424, Scenario: A crate was unloaded, and the truck was sent off.
Unload Time: 390, Trucker: Paul 'Transport Titan' Turner, Company: Yellow Ribbon Logistics, ID Num: C3, Price of Crate: 410, Scenario: A new truck entered the dock, and a crate was unloaded.
Unload Time: 390, Trucker: Jim 'Big Load' Foster, Company: Big Sky Express, ID Num: C4, Price of Crate: 112, Scenario: A crate was unloaded, but the truck still has more crates to unload.
Unload Time: 400, Trucker: James 'Highway Hawk' Johnson, Company: Highway Haulers Co., ID Num: C0, Price of Crate: 131, Scenario: A crate was unloaded, and the truck was sent off.
Unload Time: 400, Trucker: Scott 'Freeway Fury' Phillips, Company: High Gear Transport, ID Num: C1, Price of Crate: 405, Scenario: A crate was unloaded, but the truck still has more crates to unload.
Unload Time: 400, Trucker: Heather '18-Wheeler' Reed, Company: Patriot Road Warriors, ID Num: C5, Price of Crate: 104, Scenario: A new truck entered the dock, and a crate was unloaded.
Unload Time: 400, Trucker: Paul 'Transport Titan' Turner, Company: Yellow Ribbon Logistics, ID Num: C2, Price of Crate: 480, Scenario: A crate was unloaded, but the truck still has more crates to unload.
Unload Time: 400, Trucker: Jim 'Big Load' Foster, Company: Big Sky Express, ID Num: C3, Price of Crate: 181, Scenario: A crate was unloaded, but the truck still has more crates to unload.
Unload Time: 410, Trucker: Jason 'Diesel Dynamo' Moore, Company: Big Sky Express, ID Num: C2, Price of Crate: 261, Scenario: A new truck entered the dock, and a crate was unloaded.
Unload Time: 410, Trucker: Scott 'Freeway Fury' Phillips, Company: High Gear Transport, ID Num: C0, Price of Crate: 346, Scenario: A crate was unloaded, and the truck was sent off.
Unload Time: 410, Trucker: Heather '18-Wheeler' Reed, Company: Patriot Road Warriors, ID Num: C4, Price of Crate: 348, Scenario: A crate was unloaded, but the truck still has more crates to unload.
Unload Time: 410, Trucker: Paul 'Transport Titan' Turner, Company: Yellow Ribbon Logistics, ID Num: C1, Price of Crate: 499, Scenario: A crate was unloaded, but the truck still has more crates to unload.
Unload Time: 410, Trucker: Jim 'Big Load' Foster, Company: Big Sky Express, ID Num: C2, Price of Crate: 164, Scenario: A crate was unloaded, but the truck still has more crates to unload.
Unload Time: 420, Trucker: Jason 'Diesel Dynamo' Moore, Company: Big Sky Express, ID Num: C1, Price of Crate: 324, Scenario: A crate was unloaded, but the truck still has more crates to unload.
Unload Time: 420, Trucker: Gary 'Cargo Crusader' Lewis, Company: Windy City Carriers, ID Num: C2, Price of Crate: 107, Scenario: A new truck entered the dock, and a crate was unloaded.
Unload Time: 420, Trucker: Heather '18-Wheeler' Reed, Company: Patriot Road Warriors, ID Num: C3, Price of Crate: 244, Scenario: A crate was unloaded, but the truck still has more crates to unload.
Unload Time: 420, Trucker: Paul 'Transport Titan' Turner, Company: Yellow Ribbon Logistics, ID Num: C0, Price of Crate: 179, Scenario: A crate was unloaded, and the truck was sent off.
Unload Time: 420, Trucker: Jim 'Big Load' Foster, Company: Big Sky Express, ID Num: C1, Price of Crate: 118, Scenario: A crate was unloaded, but the truck still has more crates to unload.
Unload Time: 430, Trucker: Jason 'Diesel Dynamo' Moore, Company: Big Sky Express, ID Num: C0, Price of Crate: 335, Scenario: A crate was unloaded, and the truck was sent off.
Unload Time: 430, Trucker: Gary 'Cargo Crusader' Lewis, Company: Windy City Carriers, ID Num: C1, Price of Crate: 58, Scenario: A crate was unloaded, but the truck still has more crates to unload.
Unload Time: 430, Trucker: Heather '18-Wheeler' Reed, Company: Patriot Road Warriors, ID Num: C2, Price of Crate: 215, Scenario: A crate was unloaded, but the truck still has more crates to unload.
Unload Time: 430, Trucker: Gary 'Cargo Crusader' Lewis, Company: Sunset Transport Systems, ID Num: C1, Price of Crate: 163, Scenario: A new truck entered the dock, and a crate was unloaded.
Unload Time: 430, Trucker: Jim 'Big Load' Foster, Company: Big Sky Express, ID Num: C0, Price of Crate: 291, Scenario: A crate was unloaded, and the truck was sent off.
Unload Time: 440, Trucker: David 'Trucker Trekker' Anderson, Company: Interstate Logistics, ID Num: C2, Price of Crate: 142, Scenario: A new truck entered the dock, and a crate was unloaded.
Unload Time: 440, Trucker: Gary 'Cargo Crusader' Lewis, Company: Windy City Carriers, ID Num: C0, Price of Crate: 498, Scenario: A crate was unloaded, and the truck was sent off.
Unload Time: 440, Trucker: Heather '18-Wheeler' Reed, Company: Patriot Road Warriors, ID Num: C1, Price of Crate: 207, Scenario: A crate was unloaded, but the truck still has more crates to unload.
Unload Time: 440, Trucker: Gary 'Cargo Crusader' Lewis, Company: Sunset Transport Systems, ID Num: C0, Price of Crate: 471, Scenario: A crate was unloaded, and the truck was sent off.
Unload Time: 440, Trucker: Vanessa 'Rolling Thunder' Wright, Company: Starlight Freight Services, ID Num: C1, Price of Crate: 95, Scenario: A new truck entered the dock, and a crate was unloaded.
Unload Time: 450, Trucker: David 'Trucker Trekker' Anderson, Company: Interstate Logistics, ID Num: C1, Price of Crate: 192, Scenario: A crate was unloaded, but the truck still has more crates to unload.
Unload Time: 450, Trucker: Frank 'Big Load' Williams, Company: Swift Roadways Ltd., ID Num: C4, Price of Crate: 282, Scenario: A new truck entered the dock, and a crate was unloaded.
Unload Time: 450, Trucker: Heather '18-Wheeler' Reed, Company: Patriot Road Warriors, ID Num: C0, Price of Crate: 155, Scenario: A crate was unloaded, and the truck was sent off.
Unload Time: 450, Trucker: Sandy 'Trucker Trailblazer' Price, Company: Cargo Masters Inc., ID Num: C3, Price of Crate: 401, Scenario: A new truck entered the dock, and a crate was unloaded.
Unload Time: 450, Trucker: Vanessa 'Rolling Thunder' Wright, Company: Starlight Freight Services, ID Num: C0, Price of Crate: 123, Scenario: A crate was unloaded, and the truck was sent off.
Unload Time: 460, Trucker: David 'Trucker Trekker' Anderson, Company: Interstate Logistics, ID Num: C0, Price of Crate: 307, Scenario: A crate was unloaded, and the truck was sent off.
Unload Time: 460, Trucker: Frank 'Big Load' Williams, Company: Swift Roadways Ltd., ID Num: C3, Price of Crate: 219, Scenario: A crate was unloaded, but the truck still has more crates to unload.
Unload Time: 460, Trucker: Nicole 'Asphalt Angel' Green, Company: Redwood Trucking Group, ID Num: C1, Price of Crate: 69, Scenario: A new truck entered the dock, and a crate was unloaded.
Unload Time: 460, Trucker: Sandy 'Trucker Trailblazer' Price, Company: Cargo Masters Inc., ID Num: C2, Price of Crate: 308, Scenario: A crate was unloaded, but the truck still has more crates to unload.
Unload Time: 460, Trucker: Mike 'Big Rig' Johnson, Company: Sunrise Hauling Co., ID Num: C4, Price of Crate: 413, Scenario: A new truck entered the dock, and a crate was unloaded.
Unload Time: 470, Trucker: Frank 'Trucker Tornado' Davis, Company: Patriot Road Warriors, ID Num: C2, Price of Crate: 492, Scenario: A new truck entered the dock, and a crate was unloaded.
Unload Time: 470, Trucker: Frank 'Big Load' Williams, Company: Swift Roadways Ltd., ID Num: C2, Price of Crate: 370, Scenario: A crate was unloaded, but the truck still has more crates to unload.
Unload Time: 470, Trucker: Nicole 'Asphalt Angel' Green, Company: Redwood Trucking Group, ID Num: C0, Price of Crate: 82, Scenario: A crate was unloaded, and the truck was sent off.
Unload Time: 470, Trucker: Sandy 'Trucker Trailblazer' Price, Company: Cargo Masters Inc., ID Num: C1, Price of Crate: 234, Scenario: A crate was unloaded, but the truck still has more crates to unload.
Unload Time: 470, Trucker: Mike 'Big Rig' Johnson, Company: Sunrise Hauling Co., ID Num: C3, Price of Crate: 240, Scenario: A crate was unloaded, but the truck still has more crates to unload.
Unload Time: 480, Trucker: Frank 'Trucker Tornado' Davis, Company: Patriot Road Warriors, ID Num: C1, Price of Crate: 72, Scenario: A crate was unloaded, but the truck still has more crates to unload.
Unload Time: 480, Trucker: Frank 'Big Load' Williams, Company: Swift Roadways Ltd., ID Num: C1, Price of Crate: 87, Scenario: A crate was unloaded, but the truck still has more crates to unload.
Unload Time: 480, Trucker: Todd 'Interstate Instigator' Baker, Company: Golden Wheel Carriers, ID Num: C4, Price of Crate: 107, Scenario: A new truck entered the dock, and a crate was unloaded.
Unload Time: 480, Trucker: Sandy 'Trucker Trailblazer' Price, Company: Cargo Masters Inc., ID Num: C0, Price of Crate: 222, Scenario: A crate was unloaded, and the truck was sent off.
Unload Time: 480, Trucker: Mike 'Big Rig' Johnson, Company: Sunrise Hauling Co., ID Num: C2, Price of Crate: 323, Scenario: A crate was unloaded, but the truck still has more crates to unload.

Total number of trucks: 66

Trucks that were not unloaded before closing:
Frank 'Trucker Tornado' Davis's truck.
Frank 'Big Load' Williams's truck.
Todd 'Interstate Instigator' Baker's truck.
Mike 'Big Rig' Johnson's truck.

Cost for operating each dock: 
Dock 1: $4900
Dock 2: $4900
Dock 3: $4900
Dock 4: $4900
Dock 5: $4900

Revenue for each dock: 
Dock 1: $3.03
Dock 2: $2.87
Dock 3: $2.83
Dock 4: $2.64
Dock 5: $2.72

Number of crates unloaded: 245

Total value of crates unloaded: $67055

Average value of the crates: $274
